call_id,person_id,called_number,timestamp,duration,is_known_contact
c_00001,p_001,00781618495,2026-08-18T10:51:41,204,1
c_00002,p_001,0184514627,2026-08-07T09:23:05,82,1
c_00003,p_001,0184514627,2026-08-03T03:11:44,165,1
c_00004,p_001,+915641395376,2026-08-19T13:32:05,93,1
c_00005,p_001,+915641395376,2026-08-23T09:09:35,180,1
c_00006,p_001,0184514627,2026-08-20T01:49:52,128,1
c_00007,p_001,3276483503,2026-08-17T04:55:25,178,1
c_00008,p_001,6532871012,2026-08-23T15:50:32,224,1
c_00009,p_001,0184514627,2026-08-07T09:26:29,113,1
c_00010,p_001,7242388496,2026-08-09T12:20:23,66,1
c_00011,p_001,2691669784,2026-08-25T09:35:00,234,1
c_00012,p_001,6532871012,2026-08-25T13:46:00,234,1
c_00013,p_001,8552414060,2026-08-25T17:34:00,252,0
c_00014,p_001,0184514627,2026-08-25T21:17:00,88,1
c_00015,p_001,00781618495,2026-08-26T01:18:00,100,1
c_00016,p_001,+919333346800,2026-08-26T05:29:00,60,0
c_00017,p_001,7242388496,2026-08-26T09:46:00,188,1
c_00018,p_001,3103413164,2026-08-26T13:48:00,189,1
c_00019,p_001,02290349446,2026-08-26T17:06:00,282,0
c_00020,p_001,7242388496,2026-08-26T21:40:00,275,1
c_00021,p_001,+915641395376,2026-08-27T01:40:00,215,1
c_00022,p_001,05743748969,2026-08-27T05:12:00,99,0
c_00023,p_002,+918227824896,2026-08-19T18:26:41,94,1
c_00024,p_002,+918227824896,2026-08-03T22:52:19,114,1
c_00025,p_002,+918299737631,2026-08-07T02:18:40,138,1
c_00026,p_002,0310518347,2026-08-22T08:45:36,189,1
c_00027,p_002,+911509839301,2026-08-10T04:14:37,254,1
c_00028,p_002,0310518347,2026-08-21T16:35:13,145,1
c_00029,p_002,+918227824896,2026-08-02T11:20:32,147,1
c_00030,p_002,+918346578713,2026-08-14T12:49:08,147,1
c_00031,p_002,+911509839301,2026-08-02T13:12:17,66,1
c_00032,p_002,+918299737631,2026-08-12T19:48:51,139,1
c_00033,p_002,+918227824896,2026-08-13T09:39:25,272,1
c_00034,p_002,+918299737631,2026-08-06T14:08:04,127,1
c_00035,p_002,+911509839301,2026-08-03T04:04:04,246,1
c_00036,p_002,+918227824896,2026-08-25T09:50:00,229,1
c_00037,p_002,+918299737631,2026-08-25T13:45:00,99,1
c_00038,p_002,3875842824,2026-08-25T17:12:00,135,0
c_00039,p_002,+918346578713,2026-08-25T21:13:00,208,1
c_00040,p_002,+918227824896,2026-08-26T01:47:00,75,1
c_00041,p_002,+917248251353,2026-08-26T05:47:00,140,0
c_00042,p_002,+918346578713,2026-08-26T09:03:00,209,1
c_00043,p_002,+918227824896,2026-08-26T13:30:00,295,1
c_00044,p_002,4655494717,2026-08-26T17:33:00,100,0
c_00045,p_002,+918227824896,2026-08-26T21:03:00,80,1
c_00046,p_002,+918346578713,2026-08-27T01:11:00,212,1
c_00047,p_002,+919991738168,2026-08-27T05:04:00,232,0
c_00048,p_003,+912677360260,2026-08-04T00:14:41,191,1
c_00049,p_003,+919805009788,2026-08-22T08:49:05,264,1
c_00050,p_003,+919805009788,2026-08-15T06:52:47,67,1
c_00051,p_003,+910812191361,2026-08-13T08:46:27,208,1
c_00052,p_003,04746872343,2026-08-21T06:14:13,175,1
c_00053,p_003,04746872343,2026-08-04T15:04:34,300,1
c_00054,p_003,04746872343,2026-08-01T04:19:06,83,1
c_00055,p_003,+919805009788,2026-08-22T14:17:21,84,1
c_00056,p_003,04746872343,2026-08-18T01:48:50,137,1
c_00057,p_003,04746872343,2026-08-17T12:07:18,288,1
c_00058,p_003,+919805009788,2026-08-12T05:40:10,77,1
c_00059,p_003,+919805009788,2026-08-15T14:07:30,31,1
c_00060,p_003,04746872343,2026-08-08T16:07:23,112,1
c_00061,p_003,+912677360260,2026-08-25T09:02:00,116,1
c_00062,p_003,+912677360260,2026-08-25T13:12:00,149,1
c_00063,p_003,+910835058300,2026-08-25T17:19:00,270,0
c_00064,p_003,+910812191361,2026-08-25T21:50:00,117,1
c_00065,p_003,+910812191361,2026-08-26T01:01:00,162,1
c_00066,p_003,3354216894,2026-08-26T05:21:00,131,0
c_00067,p_003,04746872343,2026-08-26T09:04:00,149,1
c_00068,p_003,3990916998,2026-08-26T13:41:00,162,1
c_00069,p_003,+911044789856,2026-08-26T17:43:00,275,0
c_00070,p_003,04746872343,2026-08-26T21:34:00,300,1
c_00071,p_003,+919805009788,2026-08-27T01:01:00,284,1
c_00072,p_003,2575326033,2026-08-27T05:16:00,105,0
c_00073,p_004,02940196556,2026-08-22T19:46:43,190,1
c_00074,p_004,04145868501,2026-08-16T06:11:23,289,1
c_00075,p_004,+917868011280,2026-08-08T02:43:30,181,1
c_00076,p_004,+917868011280,2026-08-13T18:02:08,119,1
c_00077,p_004,03375433036,2026-08-15T03:45:51,30,1
c_00078,p_004,02940196556,2026-08-07T23:44:20,194,1
c_00079,p_004,+918244935348,2026-08-11T16:40:24,291,1
c_00080,p_004,09826204505,2026-08-11T21:11:55,73,1
c_00081,p_004,02940196556,2026-08-07T12:39:00,201,1
c_00082,p_004,+918244935348,2026-08-03T03:32:59,188,1
c_00083,p_004,4980841241,2026-08-25T09:35:00,289,1
c_00084,p_004,4980841241,2026-08-25T13:10:00,175,1
c_00085,p_004,8499261891,2026-08-25T17:16:00,252,0
c_00086,p_004,04145868501,2026-08-25T21:15:00,256,1
c_00087,p_004,03375433036,2026-08-26T01:49:00,184,1
c_00088,p_004,01173934835,2026-08-26T05:40:00,121,0
c_00089,p_004,4980841241,2026-08-26T09:17:00,79,1
c_00090,p_004,04145868501,2026-08-26T13:45:00,120,1
c_00091,p_004,6420873753,2026-08-26T17:17:00,145,0
c_00092,p_004,03375433036,2026-08-26T21:20:00,80,1
c_00093,p_004,09826204505,2026-08-27T01:08:00,119,1
c_00094,p_004,+910119721811,2026-08-27T05:24:00,237,0
c_00095,p_005,9513433200,2026-08-12T09:52:27,182,1
c_00096,p_005,+911727889579,2026-08-23T14:30:07,244,1
c_00097,p_005,+911727889579,2026-08-17T03:31:07,338,1
c_00098,p_005,9513433200,2026-08-27T22:25:27,253,1
c_00099,p_005,9468044369,2026-08-15T13:39:44,377,1
c_00100,p_005,+911727889579,2026-08-24T22:39:44,269,1
c_00101,p_005,03744701204,2026-08-28T14:04:11,303,0
c_00102,p_005,+912016328708,2026-08-01T19:24:57,369,1
c_00103,p_005,8687277434,2026-08-01T19:30:48,266,1
c_00104,p_005,9513433200,2026-08-06T10:50:41,138,1
c_00105,p_005,5777387214,2026-08-14T15:23:00,172,1
c_00106,p_005,9513433200,2026-08-23T13:26:49,71,1
c_00107,p_005,+917917693676,2026-08-15T02:37:15,209,1
c_00108,p_005,9468044369,2026-08-07T17:26:23,50,1
c_00109,p_005,8687277434,2026-08-23T15:02:52,40,1
c_00110,p_005,5777387214,2026-08-19T15:21:42,372,1
c_00111,p_005,5777387214,2026-08-04T10:21:37,388,1
c_00112,p_005,+912016328708,2026-08-08T16:29:43,340,1
c_00113,p_005,+911727889579,2026-08-29T21:53:20,113,1
c_00114,p_005,+917917693676,2026-08-29T22:35:56,189,1
c_00115,p_005,5777387214,2026-08-18T06:34:25,233,1
c_00116,p_005,+912016328708,2026-08-29T05:51:31,383,1
c_00117,p_005,9468044369,2026-08-25T22:00:41,184,1
c_00118,p_005,+917917693676,2026-08-26T12:12:40,319,1
c_00119,p_005,5777387214,2026-08-24T11:29:50,368,1
c_00120,p_005,9513433200,2026-08-12T02:48:39,36,1
c_00121,p_005,+917917693676,2026-08-26T11:41:40,251,1
c_00122,p_005,+911727889579,2026-08-29T19:46:01,265,1
c_00123,p_005,9468044369,2026-08-22T05:15:44,297,1
c_00124,p_005,+911727889579,2026-08-29T23:08:27,305,1
c_00125,p_005,+911727889579,2026-08-24T05:44:30,333,1
c_00126,p_005,+911727889579,2026-08-09T01:14:41,74,1
c_00127,p_005,+911727889579,2026-08-09T08:49:42,267,1
c_00128,p_005,9513433200,2026-08-18T02:17:30,44,1
c_00129,p_005,5777387214,2026-08-15T19:54:02,138,1
c_00130,p_005,9513433200,2026-08-11T15:28:26,335,1
c_00131,p_005,+917917693676,2026-08-22T00:51:08,294,1
c_00132,p_005,9468044369,2026-08-29T10:36:18,238,1
c_00133,p_006,+917556464170,2026-08-18T16:38:54,247,1
c_00134,p_006,+917556464170,2026-08-04T10:38:20,166,1
c_00135,p_006,+917556464170,2026-08-25T19:10:27,187,1
c_00136,p_006,06272980699,2026-08-18T20:25:54,254,1
c_00137,p_006,8937346706,2026-08-04T17:32:04,236,1
c_00138,p_006,8053100330,2026-08-29T06:43:36,254,1
c_00139,p_006,8053100330,2026-08-03T09:55:05,195,1
c_00140,p_006,+917556464170,2026-08-19T02:40:25,375,1
c_00141,p_006,0967054668,2026-08-26T01:53:24,374,1
c_00142,p_006,+917556464170,2026-08-25T15:25:23,270,1
c_00143,p_006,06272980699,2026-08-16T13:39:14,122,1
c_00144,p_006,8053100330,2026-08-30T21:48:02,76,1
c_00145,p_006,06272980699,2026-08-15T02:24:26,373,1
c_00146,p_006,8053100330,2026-08-04T03:18:42,385,1
c_00147,p_006,8053100330,2026-08-15T20:44:15,311,1
c_00148,p_006,06272980699,2026-08-02T02:25:18,195,1
c_00149,p_006,0162720465,2026-08-04T11:27:48,30,1
c_00150,p_006,8053100330,2026-08-20T17:30:55,57,1
c_00151,p_006,8053100330,2026-08-06T15:03:33,350,1
c_00152,p_006,06272980699,2026-08-14T06:16:10,311,1
c_00153,p_006,8937346706,2026-08-04T22:19:46,278,1
c_00154,p_006,+918801994883,2026-08-04T15:25:36,341,0
c_00155,p_006,06272980699,2026-08-24T23:30:21,312,1
c_00156,p_006,+917556464170,2026-08-01T09:50:44,88,1
c_00157,p_006,+917556464170,2026-08-14T20:14:32,285,1
c_00158,p_006,8937346706,2026-08-28T23:30:36,169,1
c_00159,p_006,8053100330,2026-08-13T11:09:10,154,1
c_00160,p_006,+917556464170,2026-08-14T16:53:10,336,1
c_00161,p_006,0967054668,2026-08-16T05:56:00,171,1
c_00162,p_006,06272980699,2026-08-24T04:19:33,289,1
c_00163,p_006,8937346706,2026-08-09T00:21:51,182,1
c_00164,p_006,8937346706,2026-08-26T02:58:57,280,1
c_00165,p_006,8053100330,2026-08-26T22:59:15,206,1
c_00166,p_006,8053100330,2026-08-10T23:21:24,263,1
c_00167,p_006,8937346706,2026-08-28T23:39:13,152,1
c_00168,p_006,8053100330,2026-08-18T03:41:39,52,1
c_00169,p_006,8053100330,2026-08-10T13:05:13,227,1
c_00170,p_006,8937346706,2026-08-30T15:39:29,107,1
c_00171,p_006,0162720465,2026-08-15T20:38:11,332,1
c_00172,p_006,8053100330,2026-08-10T23:02:10,81,1
c_00173,p_007,+911367837770,2026-08-04T23:09:18,301,1
c_00174,p_007,03799650752,2026-08-16T01:17:32,161,1
c_00175,p_007,+911367837770,2026-08-28T10:06:54,203,1
c_00176,p_007,07165726284,2026-08-25T03:02:50,102,1
c_00177,p_007,+919058651850,2026-08-23T14:59:20,400,1
c_00178,p_007,03545494808,2026-08-21T05:34:20,217,1
c_00179,p_007,+911367837770,2026-08-03T17:01:05,304,1
c_00180,p_007,+919058651850,2026-08-04T16:59:02,374,1
c_00181,p_007,+919058651850,2026-08-08T20:45:22,220,1
c_00182,p_007,07165726284,2026-08-04T06:00:33,347,1
c_00183,p_007,03545494808,2026-08-27T12:38:56,143,1
c_00184,p_007,8776945314,2026-08-20T10:18:34,388,1
c_00185,p_007,03799650752,2026-08-10T01:34:36,53,1
c_00186,p_007,8776945314,2026-08-29T09:18:29,89,1
c_00187,p_007,03799650752,2026-08-03T21:58:41,228,1
c_00188,p_007,+919058651850,2026-08-14T14:37:24,386,1
c_00189,p_007,+919058651850,2026-08-29T09:06:04,109,1
c_00190,p_007,8776945314,2026-08-27T13:29:52,345,1
c_00191,p_007,+910034244204,2026-08-13T05:50:36,46,0
c_00192,p_007,8776945314,2026-08-21T17:00:07,150,1
c_00193,p_007,+919058651850,2026-08-26T15:55:26,218,1
c_00194,p_007,+918057198386,2026-08-17T08:00:55,213,0
c_00195,p_007,07165726284,2026-08-02T19:35:45,262,1
c_00196,p_007,+919058651850,2026-08-03T18:00:17,335,1
c_00197,p_007,+911367837770,2026-08-30T03:11:13,154,1
c_00198,p_007,03799650752,2026-08-30T15:57:03,65,1
c_00199,p_008,07749649909,2026-08-25T08:28:25,317,1
c_00200,p_008,01318699938,2026-08-17T20:24:43,211,1
c_00201,p_008,01318699938,2026-08-27T04:59:50,399,1
c_00202,p_008,09894134352,2026-08-02T13:02:28,210,1
c_00203,p_008,00824008427,2026-08-04T02:35:32,366,1
c_00204,p_008,09894134352,2026-08-15T11:10:34,314,1
c_00205,p_008,07749649909,2026-08-12T00:38:38,145,1
c_00206,p_008,07749649909,2026-08-25T05:11:57,344,1
c_00207,p_008,07749649909,2026-08-21T05:58:59,366,1
c_00208,p_008,00824008427,2026-08-25T21:12:42,169,1
c_00209,p_008,09894134352,2026-08-22T01:56:35,209,1
c_00210,p_008,07749649909,2026-08-01T04:23:46,366,1
c_00211,p_008,+910947775204,2026-08-13T00:33:53,45,1
c_00212,p_008,01318699938,2026-08-03T18:03:55,244,1
c_00213,p_008,09894134352,2026-08-14T14:37:29,399,1
c_00214,p_008,07749649909,2026-08-10T17:33:20,73,1
c_00215,p_008,07749649909,2026-08-27T12:00:22,55,1
c_00216,p_008,+910947775204,2026-08-21T05:15:26,247,1
c_00217,p_008,09894134352,2026-08-15T13:40:35,140,1
c_00218,p_008,01318699938,2026-08-23T15:33:32,86,1
c_00219,p_008,01318699938,2026-08-09T11:56:14,299,1
c_00220,p_008,01318699938,2026-08-21T00:20:07,336,1
c_00221,p_008,00824008427,2026-08-02T15:26:34,100,1
c_00222,p_008,01167190229,2026-08-23T22:11:45,33,1
c_00223,p_008,00824008427,2026-08-15T22:07:02,224,1
c_00224,p_008,07749649909,2026-08-16T23:27:33,372,1
c_00225,p_008,+910947775204,2026-08-25T04:27:50,51,1
c_00226,p_008,01167190229,2026-08-14T02:04:41,190,1
c_00227,p_008,+910947775204,2026-08-18T06:32:47,357,1
c_00228,p_008,01167190229,2026-08-13T12:44:22,196,1
c_00229,p_008,01318699938,2026-08-06T03:44:55,383,1
c_00230,p_009,+911712748467,2026-08-22T17:05:17,106,1
c_00231,p_009,+912421024994,2026-08-11T00:01:14,209,1
c_00232,p_009,+914902787429,2026-08-10T07:22:00,96,1
c_00233,p_009,01746488771,2026-08-18T20:25:46,316,1
c_00234,p_009,+912421024994,2026-08-12T07:12:32,373,1
c_00235,p_009,+916808760385,2026-08-22T02:02:17,77,1
c_00236,p_009,7703482477,2026-08-20T09:08:16,39,1
c_00237,p_009,07175655125,2026-08-11T21:04:13,204,1
c_00238,p_009,07175655125,2026-08-29T10:19:16,100,1
c_00239,p_009,+910932480861,2026-08-05T15:33:37,289,1
c_00240,p_009,+916808760385,2026-08-24T03:01:47,49,1
c_00241,p_009,+911712748467,2026-08-20T20:35:20,97,1
c_00242,p_009,+912421024994,2026-08-18T22:01:02,384,1
c_00243,p_009,+912421024994,2026-08-24T03:11:25,399,1
c_00244,p_009,07175655125,2026-08-14T03:07:29,257,1
c_00245,p_009,07468071545,2026-08-19T07:37:43,149,1
c_00246,p_009,07468071545,2026-08-17T00:29:16,129,1
c_00247,p_009,07468071545,2026-08-12T00:50:43,266,1
c_00248,p_009,+916808760385,2026-08-24T01:59:44,300,1
c_00249,p_009,07175655125,2026-08-13T13:26:08,339,1
c_00250,p_009,07468071545,2026-08-05T03:38:49,220,1
c_00251,p_009,+916808760385,2026-08-17T15:16:09,93,1
c_00252,p_009,01746488771,2026-08-09T13:14:43,260,1
c_00253,p_009,+914902787429,2026-08-28T03:49:13,76,1
c_00254,p_009,07468071545,2026-08-29T09:25:03,208,1
c_00255,p_009,+914902787429,2026-08-28T21:56:23,287,1
c_00256,p_009,+910932480861,2026-08-12T05:15:08,221,1
c_00257,p_009,+910932480861,2026-08-07T17:40:04,395,1
c_00258,p_010,05961586578,2026-08-27T20:08:20,284,1
c_00259,p_010,7662702895,2026-08-21T18:17:21,166,1
c_00260,p_010,+917187026217,2026-08-25T00:49:35,250,1
c_00261,p_010,7662702895,2026-08-19T01:45:58,180,1
c_00262,p_010,07533963605,2026-08-10T15:16:20,186,1
c_00263,p_010,05961586578,2026-08-14T09:03:33,383,1
c_00264,p_010,07533963605,2026-08-14T07:36:50,344,1
c_00265,p_010,+917187026217,2026-08-30T22:40:06,68,1
c_00266,p_010,7662702895,2026-08-21T03:15:08,377,1
c_00267,p_010,7662702895,2026-08-05T19:11:25,377,1
c_00268,p_010,+917187026217,2026-08-24T10:32:40,150,1
c_00269,p_010,+919134316117,2026-08-24T08:31:51,320,1
c_00270,p_010,+919134316117,2026-08-01T23:19:02,219,1
c_00271,p_010,7662702895,2026-08-12T03:50:58,100,1
c_00272,p_010,07533963605,2026-08-16T21:12:40,157,1
c_00273,p_010,05961586578,2026-08-29T19:34:27,285,1
c_00274,p_010,+917187026217,2026-08-16T12:46:35,164,1
c_00275,p_010,05961586578,2026-08-24T05:58:27,343,1
c_00276,p_010,+919134316117,2026-08-09T13:36:55,132,1
c_00277,p_010,+919134316117,2026-08-04T16:17:56,118,1
c_00278,p_010,+917187026217,2026-08-27T23:02:56,379,1
c_00279,p_010,1080996930,2026-08-30T00:38:38,371,0
c_00280,p_010,7662702895,2026-08-11T10:08:46,178,1
c_00281,p_010,05961586578,2026-08-27T17:45:31,215,1
c_00282,p_010,05961586578,2026-08-16T06:18:14,101,1
c_00283,p_010,07533963605,2026-08-08T02:27:00,313,1
c_00284,p_010,7662702895,2026-08-18T04:02:23,96,1
c_00285,p_010,07533963605,2026-08-19T08:36:10,233,1
c_00286,p_010,7662702895,2026-08-30T23:42:30,240,1
c_00287,p_010,+917187026217,2026-08-24T01:47:54,94,1
c_00288,p_010,+919134316117,2026-08-30T04:06:48,268,1
c_00289,p_010,7662702895,2026-08-21T09:40:42,357,1
c_00290,p_010,05961586578,2026-08-18T15:12:21,251,1
c_00291,p_010,+917187026217,2026-08-16T02:03:42,295,1
c_00292,p_011,1746120047,2026-08-06T16:40:49,269,1
c_00293,p_011,06474367136,2026-08-15T23:06:25,76,1
c_00294,p_011,04074821759,2026-08-29T08:34:03,140,1
c_00295,p_011,5944064090,2026-08-18T12:00:27,283,1
c_00296,p_011,06232858842,2026-08-18T22:12:48,176,1
c_00297,p_011,7439533942,2026-08-17T02:25:02,98,1
c_00298,p_011,7439533942,2026-08-27T11:22:05,217,1
c_00299,p_011,1746120047,2026-08-02T08:34:28,129,1
c_00300,p_011,7439533942,2026-08-11T21:01:01,288,1
c_00301,p_011,01604817549,2026-08-14T12:15:18,378,1
c_00302,p_011,1047095214,2026-08-19T07:57:03,231,1
c_00303,p_011,07908272318,2026-08-12T04:42:10,315,0
c_00304,p_011,04074821759,2026-08-29T04:02:34,338,1
c_00305,p_011,06474367136,2026-08-16T06:34:05,49,1
c_00306,p_011,06232858842,2026-08-05T02:39:58,295,1
c_00307,p_011,1746120047,2026-08-14T17:01:54,101,1
c_00308,p_011,07451712368,2026-08-10T20:08:07,231,1
c_00309,p_011,5944064090,2026-08-30T17:14:35,333,1
c_00310,p_011,1746120047,2026-08-11T02:11:19,280,1
c_00311,p_011,06474367136,2026-08-22T06:17:33,218,1
c_00312,p_011,7439533942,2026-08-10T22:29:33,328,1
c_00313,p_011,06474367136,2026-08-10T05:31:40,335,1
c_00314,p_011,4322259136,2026-08-15T05:42:17,326,0
c_00315,p_011,01604817549,2026-08-18T07:53:48,275,1
c_00316,p_011,01604817549,2026-08-06T02:46:07,224,1
c_00317,p_011,06474367136,2026-08-05T10:23:54,323,1
c_00318,p_011,06474367136,2026-08-29T10:42:27,255,1
c_00319,p_011,04074821759,2026-08-10T09:51:30,240,1
c_00320,p_011,06232858842,2026-08-16T01:18:36,61,1
c_00321,p_011,1746120047,2026-08-22T04:09:29,196,1
c_00322,p_012,1771159212,2026-08-18T00:48:08,342,1
c_00323,p_012,06615654527,2026-08-26T16:25:31,293,1
c_00324,p_012,+915395024026,2026-08-10T20:06:25,124,1
c_00325,p_012,6118367365,2026-08-30T10:48:48,33,1
c_00326,p_012,0422842102,2026-08-08T19:45:55,198,1
c_00327,p_012,03171390053,2026-08-10T01:24:03,163,1
c_00328,p_012,03171390053,2026-08-20T14:39:07,371,1
c_00329,p_012,06615654527,2026-08-04T13:07:18,381,1
c_00330,p_012,0422842102,2026-08-16T01:48:53,383,1
c_00331,p_012,0422842102,2026-08-04T12:32:21,218,1
c_00332,p_012,1771159212,2026-08-19T10:31:49,274,1
c_00333,p_012,1177589178,2026-08-05T14:17:36,221,1
c_00334,p_012,09985698478,2026-08-13T11:24:31,305,1
c_00335,p_012,6118367365,2026-08-25T01:26:11,378,1
c_00336,p_012,+915395024026,2026-08-23T15:24:44,299,1
c_00337,p_012,+915395024026,2026-08-14T09:39:30,318,1
c_00338,p_012,+919318393352,2026-08-04T08:47:25,133,1
c_00339,p_012,+919084700766,2026-08-18T04:20:42,296,1
c_00340,p_012,1177589178,2026-08-14T06:07:30,280,1
c_00341,p_012,03171390053,2026-08-03T17:28:40,262,1
c_00342,p_012,1177589178,2026-08-04T22:59:59,59,1
c_00343,p_012,0422842102,2026-08-17T18:20:02,400,1
c_00344,p_012,03171390053,2026-08-01T15:40:29,141,1
c_00345,p_012,+919084700766,2026-08-18T08:23:02,388,1
c_00346,p_012,+916944869594,2026-08-02T21:54:25,65,0
c_00347,p_012,0422842102,2026-08-30T14:01:07,239,1
c_00348,p_012,06615654527,2026-08-06T09:35:11,221,1
c_00349,p_012,06615654527,2026-08-30T18:51:24,222,1
c_00350,p_012,6368872588,2026-08-03T09:46:47,306,0
c_00351,p_013,08388516060,2026-08-28T10:36:49,315,1
c_00352,p_013,+915851493689,2026-08-16T21:35:38,134,1
c_00353,p_013,+912296120183,2026-08-10T21:47:21,219,1
c_00354,p_013,06438156149,2026-08-03T18:34:26,56,1
c_00355,p_013,08403690034,2026-08-09T01:17:32,67,1
c_00356,p_013,8094024455,2026-08-06T15:28:39,141,1
c_00357,p_013,06752545991,2026-08-15T09:09:49,185,1
c_00358,p_013,06438156149,2026-08-29T17:03:15,90,1
c_00359,p_013,06438156149,2026-08-23T09:45:10,386,1
c_00360,p_013,06438156149,2026-08-19T03:10:08,312,1
c_00361,p_013,+912296120183,2026-08-10T15:33:46,303,1
c_00362,p_013,06752545991,2026-08-20T11:04:45,292,1
c_00363,p_013,+912296120183,2026-08-27T11:37:28,193,1
c_00364,p_013,08388516060,2026-08-28T10:19:04,53,1
c_00365,p_013,+912290147679,2026-08-17T21:01:04,38,1
c_00366,p_013,08388516060,2026-08-08T19:45:26,181,1
c_00367,p_013,08388516060,2026-08-05T13:44:10,321,1
c_00368,p_013,06752545991,2026-08-26T00:01:16,161,1
c_00369,p_013,+912296120183,2026-08-23T21:37:10,265,1
c_00370,p_013,+912290147679,2026-08-06T01:07:41,101,1
c_00371,p_013,8094024455,2026-08-22T14:37:32,358,1
c_00372,p_013,+912445107622,2026-08-29T17:12:38,372,1
c_00373,p_013,+912290147679,2026-08-02T10:55:49,352,1
c_00374,p_013,08403690034,2026-08-07T22:37:55,141,1
c_00375,p_013,+912296120183,2026-08-16T04:07:39,367,1
c_00376,p_013,8094024455,2026-08-15T15:15:18,240,1
c_00377,p_013,+915851493689,2026-08-01T08:31:57,304,1
c_00378,p_013,08388516060,2026-08-30T07:47:06,121,1
c_00379,p_013,+912290147679,2026-08-04T05:03:06,153,1
c_00380,p_013,06752545991,2026-08-06T18:11:27,166,1
c_00381,p_013,08388516060,2026-08-24T20:21:14,265,1
c_00382,p_013,+911184895543,2026-08-17T22:48:05,145,0
c_00383,p_013,+912445107622,2026-08-09T23:58:54,364,1
c_00384,p_013,08403690034,2026-08-30T18:00:20,77,1
c_00385,p_014,2312432921,2026-08-01T08:53:06,316,1
c_00386,p_014,+918678085627,2026-08-28T03:44:58,322,0
c_00387,p_014,+915218188355,2026-08-16T15:11:42,101,1
c_00388,p_014,+915218188355,2026-08-09T01:37:17,62,1
c_00389,p_014,+917799799552,2026-08-06T00:23:21,277,1
c_00390,p_014,+915218188355,2026-08-24T11:31:11,399,1
c_00391,p_014,+915218188355,2026-08-19T18:01:27,264,1
c_00392,p_014,07700541199,2026-08-04T05:01:12,200,1
c_00393,p_014,+917799799552,2026-08-26T05:57:41,255,1
c_00394,p_014,01774490581,2026-08-11T01:00:36,99,1
c_00395,p_014,+915218188355,2026-08-10T00:18:48,275,1
c_00396,p_014,+918750036915,2026-08-10T10:12:43,193,0
c_00397,p_014,07700541199,2026-08-09T17:50:33,324,1
c_00398,p_014,+917799799552,2026-08-24T11:01:17,231,1
c_00399,p_014,+915218188355,2026-08-11T22:48:40,333,1
c_00400,p_014,01774490581,2026-08-30T22:01:50,43,1
c_00401,p_014,+915218188355,2026-08-29T14:09:47,254,1
c_00402,p_014,2312432921,2026-08-24T22:20:00,239,1
c_00403,p_014,+917799799552,2026-08-21T04:32:38,153,1
c_00404,p_014,07700541199,2026-08-08T13:55:50,223,1
c_00405,p_014,09428434795,2026-08-03T05:15:17,275,0
c_00406,p_014,07700541199,2026-08-18T11:12:56,308,1
c_00407,p_014,02763655647,2026-08-02T02:28:15,389,0
c_00408,p_014,2312432921,2026-08-27T20:45:39,85,1
c_00409,p_014,+917799799552,2026-08-24T01:38:48,115,1
c_00410,p_014,07700541199,2026-08-20T09:50:23,199,1
c_00411,p_014,2312432921,2026-08-29T23:18:57,80,1
c_00412,p_014,01774490581,2026-08-08T18:17:29,315,1
c_00413,p_014,07700541199,2026-08-18T09:58:23,221,1
c_00414,p_014,01774490581,2026-08-12T17:36:59,383,1
c_00415,p_014,2312432921,2026-08-16T00:20:07,277,1
c_00416,p_014,2312432921,2026-08-04T03:16:31,89,1
c_00417,p_015,+919240758181,2026-08-12T12:16:16,385,1
c_00418,p_015,03794738347,2026-08-28T13:47:45,314,1
c_00419,p_015,03794738347,2026-08-06T00:08:35,191,1
c_00420,p_015,04925192546,2026-08-26T06:13:45,34,1
c_00421,p_015,+912141888059,2026-08-15T12:55:06,317,1
c_00422,p_015,+919622292706,2026-08-16T03:54:55,242,1
c_00423,p_015,03794738347,2026-08-22T07:18:09,72,1
c_00424,p_015,5054235733,2026-08-17T23:05:11,179,1
c_00425,p_015,06590515186,2026-08-01T23:32:25,116,1
c_00426,p_015,+919622292706,2026-08-24T10:07:58,311,1
c_00427,p_015,06590515186,2026-08-16T07:46:49,308,1
c_00428,p_015,+915977468862,2026-08-25T16:45:49,398,1
c_00429,p_015,+912141888059,2026-08-14T05:47:02,82,1
c_00430,p_015,5054235733,2026-08-23T01:54:42,182,1
c_00431,p_015,06590515186,2026-08-27T05:51:47,208,1
c_00432,p_015,+919148652816,2026-08-26T20:47:01,151,1
c_00433,p_015,04925192546,2026-08-07T07:06:44,393,1
c_00434,p_015,03794738347,2026-08-19T07:23:18,135,1
c_00435,p_015,04925192546,2026-08-25T09:44:29,302,1
c_00436,p_015,04925192546,2026-08-09T10:22:52,390,1
c_00437,p_015,+919240758181,2026-08-09T18:41:49,377,1
c_00438,p_015,+912141888059,2026-08-25T10:55:48,60,1
c_00439,p_015,03794738347,2026-08-30T18:35:24,389,1
c_00440,p_015,04925192546,2026-08-26T23:34:36,156,1
c_00441,p_015,+919622292706,2026-08-23T20:15:39,102,1
c_00442,p_015,+912141888059,2026-08-18T07:44:46,222,1
c_00443,p_015,+919148652816,2026-08-14T13:26:02,236,1
c_00444,p_015,04925192546,2026-08-16T11:14:30,262,1
c_00445,p_015,+915977468862,2026-08-29T12:10:58,77,1
c_00446,p_015,04925192546,2026-08-22T22:16:15,62,1
c_00447,p_015,+912141888059,2026-08-24T20:53:17,138,1
c_00448,p_015,06590515186,2026-08-15T20:11:41,202,1
c_00449,p_015,+919622292706,2026-08-17T10:03:48,205,1
c_00450,p_015,+915977468862,2026-08-27T19:47:28,80,1
c_00451,p_015,+915977468862,2026-08-19T18:50:57,93,1
c_00452,p_015,+919622292706,2026-08-28T21:11:30,30,1
c_00453,p_015,03794738347,2026-08-30T18:07:24,362,1
c_00454,p_015,06590515186,2026-08-10T01:20:35,77,1
c_00455,p_016,09711798089,2026-08-01T12:00:58,140,1
c_00456,p_016,7221704303,2026-08-02T04:40:31,289,1
c_00457,p_016,7221704303,2026-08-09T14:16:16,246,1
c_00458,p_016,1952058527,2026-08-22T01:18:13,172,1
c_00459,p_016,9861434103,2026-08-03T12:11:23,109,1
c_00460,p_016,07065405153,2026-08-17T02:12:03,188,1
c_00461,p_016,9861434103,2026-08-21T23:02:47,59,1
c_00462,p_016,07065405153,2026-08-08T08:01:31,262,1
c_00463,p_016,1952058527,2026-08-19T08:51:13,91,1
c_00464,p_016,02779010432,2026-08-01T09:07:07,113,1
c_00465,p_016,09711798089,2026-08-15T21:25:02,115,1
c_00466,p_016,09711798089,2026-08-12T03:44:45,90,1
c_00467,p_016,7221704303,2026-08-24T03:25:47,169,1
c_00468,p_016,07065405153,2026-08-16T17:10:30,284,1
c_00469,p_016,+912460953962,2026-08-14T15:44:32,320,1
c_00470,p_016,07065405153,2026-08-06T00:09:16,323,1
c_00471,p_016,02779010432,2026-08-21T05:22:00,52,1
c_00472,p_016,02779010432,2026-08-26T18:15:21,271,1
c_00473,p_016,1952058527,2026-08-11T22:03:47,48,1
c_00474,p_016,7221704303,2026-08-17T14:03:45,144,1
c_00475,p_016,1851888880,2026-08-10T15:41:50,168,1
c_00476,p_016,07065405153,2026-08-25T18:43:04,287,1
c_00477,p_017,+916928451154,2026-08-08T02:28:32,231,1
c_00478,p_017,+916928451154,2026-08-22T00:31:20,261,1
c_00479,p_017,07962757059,2026-08-09T03:48:29,99,1
c_00480,p_017,07962757059,2026-08-24T09:33:16,84,1
c_00481,p_017,2755719285,2026-08-05T22:20:59,91,1
c_00482,p_017,04270312073,2026-08-17T01:51:56,136,0
c_00483,p_017,7021355690,2026-08-14T13:22:49,76,1
c_00484,p_017,04016582029,2026-08-05T17:28:59,50,1
c_00485,p_017,07962757059,2026-08-07T10:48:53,76,1
c_00486,p_017,06475705120,2026-08-22T08:01:59,232,0
c_00487,p_017,+916928451154,2026-08-16T09:41:27,119,1
c_00488,p_017,2755719285,2026-08-01T22:22:44,314,1
c_00489,p_017,2755719285,2026-08-23T10:36:59,82,1
c_00490,p_017,7021355690,2026-08-25T02:48:20,61,1
c_00491,p_017,06187234601,2026-08-25T21:52:05,96,0
c_00492,p_017,7021355690,2026-08-06T22:39:20,328,1
c_00493,p_017,7021355690,2026-08-18T14:00:19,41,1
c_00494,p_017,2755719285,2026-08-30T21:57:22,95,1
c_00495,p_017,+916928451154,2026-08-03T18:13:28,92,1
c_00496,p_017,07962757059,2026-08-02T06:44:28,323,1
c_00497,p_017,2755719285,2026-08-13T23:52:21,45,1
c_00498,p_017,+916928451154,2026-08-12T11:33:54,139,1
c_00499,p_017,2755719285,2026-08-28T05:58:44,106,1
c_00500,p_017,07962757059,2026-08-02T00:56:51,361,1
c_00501,p_018,+915177852892,2026-08-29T19:36:08,330,1
c_00502,p_018,8442258313,2026-08-04T00:44:35,110,1
c_00503,p_018,+915177852892,2026-08-22T23:17:36,362,1
c_00504,p_018,1146786691,2026-08-10T12:26:38,385,1
c_00505,p_018,+916801824225,2026-08-27T16:30:43,144,1
c_00506,p_018,+915177852892,2026-08-20T23:10:58,187,1
c_00507,p_018,8442258313,2026-08-23T00:28:34,30,1
c_00508,p_018,+915177852892,2026-08-29T11:07:38,320,1
c_00509,p_018,1146786691,2026-08-01T23:18:56,143,1
c_00510,p_018,+915177852892,2026-08-20T04:32:44,102,1
c_00511,p_018,+916801824225,2026-08-10T22:26:28,193,1
c_00512,p_018,+913705895782,2026-08-06T00:52:44,392,1
c_00513,p_018,+916801824225,2026-08-21T02:25:03,258,1
c_00514,p_018,+913705895782,2026-08-01T08:12:17,209,1
c_00515,p_018,+913705895782,2026-08-08T16:47:37,54,1
c_00516,p_018,8442258313,2026-08-12T13:52:28,241,1
c_00517,p_018,1146786691,2026-08-15T19:01:08,222,1
c_00518,p_018,1146786691,2026-08-04T01:01:42,363,1
c_00519,p_018,+915177852892,2026-08-23T17:56:07,67,1
c_00520,p_018,+913705895782,2026-08-24T23:25:12,193,1
c_00521,p_018,+916801824225,2026-08-08T20:00:43,117,1
c_00522,p_018,+913705895782,2026-08-27T15:18:37,310,1
c_00523,p_018,09821827448,2026-08-29T06:07:14,203,0
c_00524,p_018,+915177852892,2026-08-18T19:42:07,390,1
c_00525,p_018,8442258313,2026-08-01T22:18:54,340,1
c_00526,p_018,+913705895782,2026-08-27T16:37:20,199,1
c_00527,p_018,1146786691,2026-08-07T03:59:46,399,1
c_00528,p_018,+916801824225,2026-08-28T18:24:46,182,1
c_00529,p_018,1146786691,2026-08-08T03:02:05,311,1
c_00530,p_018,+916801824225,2026-08-26T04:41:42,31,1
c_00531,p_018,1146786691,2026-08-13T19:52:34,275,1
c_00532,p_019,+914696325953,2026-08-24T14:18:59,244,1
c_00533,p_019,+914696325953,2026-08-04T09:00:48,331,1
c_00534,p_019,3928861957,2026-08-18T11:31:39,81,0
c_00535,p_019,+916471027677,2026-08-28T17:56:53,176,1
c_00536,p_019,3969078447,2026-08-27T00:34:55,165,1
c_00537,p_019,+914696325953,2026-08-12T11:47:28,272,1
c_00538,p_019,+915925556258,2026-08-02T02:58:31,346,1
c_00539,p_019,+916471027677,2026-08-19T06:13:54,232,1
c_00540,p_019,+915925556258,2026-08-27T16:29:36,55,1
c_00541,p_019,1537147321,2026-08-23T08:56:23,40,1
c_00542,p_019,1537147321,2026-08-11T03:15:48,173,1
c_00543,p_019,+916471027677,2026-08-26T06:50:58,146,1
c_00544,p_019,6122868528,2026-08-05T00:45:27,256,0
c_00545,p_019,3969078447,2026-08-24T05:18:08,339,1
c_00546,p_019,+915925556258,2026-08-20T08:47:58,238,1
c_00547,p_019,1537147321,2026-08-23T05:28:48,58,1
c_00548,p_019,1537147321,2026-08-16T10:59:39,393,1
c_00549,p_019,+914696325953,2026-08-16T04:53:33,321,1
c_00550,p_019,+915925556258,2026-08-01T20:50:33,59,1
c_00551,p_019,1537147321,2026-08-08T11:37:58,390,1
c_00552,p_020,08784991216,2026-08-21T10:08:38,284,1
c_00553,p_020,09526949588,2026-08-30T22:10:39,237,1
c_00554,p_020,08784991216,2026-08-12T15:33:28,322,1
c_00555,p_020,08784991216,2026-08-25T11:31:50,143,1
c_00556,p_020,09526949588,2026-08-21T14:08:56,373,1
c_00557,p_020,7947055169,2026-08-11T18:07:04,366,1
c_00558,p_020,+910257872982,2026-08-27T07:04:34,271,1
c_00559,p_020,05852398680,2026-08-04T20:07:11,123,1
c_00560,p_020,08784991216,2026-08-29T09:47:05,75,1
c_00561,p_020,00609835841,2026-08-07T16:01:21,245,1
c_00562,p_020,00609835841,2026-08-24T15:25:30,329,1
c_00563,p_020,09526949588,2026-08-09T19:43:00,57,1
c_00564,p_020,05852398680,2026-08-26T23:48:11,66,1
c_00565,p_020,+910257872982,2026-08-15T03:59:53,378,1
c_00566,p_020,+910257872982,2026-08-12T10:48:06,107,1
c_00567,p_020,09526949588,2026-08-05T02:54:10,321,1
c_00568,p_020,9060480589,2026-08-27T18:50:54,103,0
c_00569,p_020,+910257872982,2026-08-10T11:47:45,279,1
c_00570,p_020,+915832067998,2026-08-10T23:29:35,190,0
c_00571,p_020,00609835841,2026-08-20T00:50:21,137,1
c_00572,p_020,7947055169,2026-08-23T20:03:32,280,1
c_00573,p_020,7947055169,2026-08-24T13:21:06,344,1
c_00574,p_020,09526949588,2026-08-14T00:16:19,274,1
c_00575,p_020,7947055169,2026-08-12T11:59:16,221,1
c_00576,p_020,05852398680,2026-08-29T12:02:57,127,1
c_00577,p_020,08784991216,2026-08-01T12:53:58,157,1
c_00578,p_020,00609835841,2026-08-07T18:54:40,96,1
c_00579,p_020,00609835841,2026-08-04T01:56:59,115,1
c_00580,p_020,00609835841,2026-08-02T23:00:23,263,1
c_00581,p_020,00609835841,2026-08-22T20:02:20,252,1
c_00582,p_021,08434437575,2026-08-28T03:26:28,181,1
c_00583,p_021,+917858549733,2026-08-08T22:10:12,50,1
c_00584,p_021,+914157473384,2026-08-26T13:37:08,190,1
c_00585,p_021,4219933083,2026-08-13T18:42:59,34,1
c_00586,p_021,+917858549733,2026-08-26T13:26:20,198,1
c_00587,p_021,00283857865,2026-08-11T17:25:11,167,1
c_00588,p_021,4419866524,2026-08-27T08:30:08,123,1
c_00589,p_021,08434437575,2026-08-04T09:57:32,169,1
c_00590,p_021,08434437575,2026-08-26T01:42:36,245,1
c_00591,p_021,4219933083,2026-08-20T11:10:10,97,1
c_00592,p_021,+917858549733,2026-08-21T21:14:32,83,1
c_00593,p_021,00283857865,2026-08-13T11:32:23,377,1
c_00594,p_021,4419866524,2026-08-14T03:28:37,343,1
c_00595,p_021,+914157473384,2026-08-01T20:44:51,96,1
c_00596,p_021,08434437575,2026-08-15T11:49:02,255,1
c_00597,p_021,4419866524,2026-08-02T09:06:00,36,1
c_00598,p_021,+914157473384,2026-08-22T03:17:20,325,1
c_00599,p_021,+914157473384,2026-08-22T17:07:01,203,1
c_00600,p_021,00283857865,2026-08-16T13:45:06,78,1
c_00601,p_021,08434437575,2026-08-13T23:39:01,207,1
c_00602,p_021,+917858549733,2026-08-20T21:52:17,315,1
c_00603,p_021,4219933083,2026-08-27T18:17:04,359,1
c_00604,p_021,08434437575,2026-08-29T00:44:50,283,1
c_00605,p_022,02400499154,2026-08-14T17:19:09,98,1
c_00606,p_022,03046374549,2026-08-29T21:58:31,313,1
c_00607,p_022,+918785191088,2026-08-29T01:25:19,290,1
c_00608,p_022,+917420549329,2026-08-24T10:22:43,95,1
c_00609,p_022,+917956878339,2026-08-04T02:33:31,288,1
c_00610,p_022,08872874315,2026-08-27T10:36:04,170,1
c_00611,p_022,6685161227,2026-08-12T22:27:59,261,1
c_00612,p_022,02400499154,2026-08-25T03:27:13,183,1
c_00613,p_022,+917956878339,2026-08-26T07:00:48,394,1
c_00614,p_022,08872874315,2026-08-23T02:30:33,132,1
c_00615,p_022,+917956878339,2026-08-07T06:59:35,374,1
c_00616,p_022,+917420549329,2026-08-04T23:31:25,287,1
c_00617,p_022,9045301742,2026-08-17T06:35:37,210,1
c_00618,p_022,08414593327,2026-08-17T20:50:30,375,1
c_00619,p_022,6685161227,2026-08-23T10:27:55,246,1
c_00620,p_022,03046374549,2026-08-25T05:58:45,225,1
c_00621,p_022,08872874315,2026-08-05T08:38:06,166,1
c_00622,p_022,6685161227,2026-08-23T12:07:59,379,1
c_00623,p_022,6685161227,2026-08-08T12:24:14,134,1
c_00624,p_022,+918785191088,2026-08-23T14:35:15,82,1
c_00625,p_022,02400499154,2026-08-19T11:35:54,144,1
c_00626,p_022,08872874315,2026-08-23T06:32:13,291,1
c_00627,p_022,6685161227,2026-08-24T12:42:04,384,1
c_00628,p_022,08414593327,2026-08-20T22:26:07,243,1
c_00629,p_022,4046084325,2026-08-29T16:49:31,190,0
c_00630,p_022,6685161227,2026-08-29T23:23:59,133,1
c_00631,p_022,+918785191088,2026-08-19T14:48:15,145,1
c_00632,p_022,+917956878339,2026-08-28T08:16:12,331,1
c_00633,p_022,08872874315,2026-08-17T09:33:46,180,1
c_00634,p_022,02168936392,2026-08-14T11:08:48,68,0
c_00635,p_022,02400499154,2026-08-06T14:37:23,91,1
c_00636,p_022,02400499154,2026-08-12T07:34:57,165,1
c_00637,p_022,6685161227,2026-08-04T21:38:52,32,1
c_00638,p_022,+917420549329,2026-08-10T22:00:18,50,1
c_00639,p_023,+916518017046,2026-08-22T12:08:42,57,1
c_00640,p_023,+916518017046,2026-08-06T08:09:15,324,1
c_00641,p_023,+914283644089,2026-08-25T15:33:57,228,1
c_00642,p_023,+912656766182,2026-08-14T12:48:37,38,1
c_00643,p_023,07868633752,2026-08-12T16:26:28,358,1
c_00644,p_023,07868633752,2026-08-22T14:36:20,388,1
c_00645,p_023,0790306738,2026-08-26T10:44:27,84,1
c_00646,p_023,+916518017046,2026-08-09T16:40:56,174,1
c_00647,p_023,+914283644089,2026-08-23T22:59:50,368,1
c_00648,p_023,2687056856,2026-08-01T22:11:23,99,1
c_00649,p_023,0790306738,2026-08-23T09:39:46,181,1
c_00650,p_023,+912656766182,2026-08-29T19:17:48,35,1
c_00651,p_023,+916518017046,2026-08-17T14:32:14,51,1
c_00652,p_023,0790306738,2026-08-01T03:37:17,310,1
c_00653,p_023,+912656766182,2026-08-29T09:49:30,138,1
c_00654,p_023,0790306738,2026-08-13T09:06:40,102,1
c_00655,p_023,5128682300,2026-08-05T19:53:13,129,1
c_00656,p_023,07868633752,2026-08-04T10:31:41,311,1
c_00657,p_023,5128682300,2026-08-14T20:06:39,373,1
c_00658,p_023,03106903311,2026-08-03T00:30:04,199,1
c_00659,p_023,2687056856,2026-08-11T17:08:22,81,1
c_00660,p_023,2687056856,2026-08-09T13:17:55,192,1
c_00661,p_023,5128682300,2026-08-15T13:49:12,385,1
c_00662,p_023,+912656766182,2026-08-18T12:36:08,191,1
c_00663,p_023,+912656766182,2026-08-29T18:14:03,156,1
c_00664,p_023,+914283644089,2026-08-24T13:40:31,171,1
c_00665,p_023,+912656766182,2026-08-26T04:52:45,275,1
c_00666,p_023,5128682300,2026-08-14T21:15:02,279,1
c_00667,p_023,+916518017046,2026-08-17T13:12:13,173,1
c_00668,p_023,0790306738,2026-08-26T18:16:25,130,1
c_00669,p_023,+916518017046,2026-08-08T21:31:44,68,1
c_00670,p_023,07868633752,2026-08-27T18:18:56,327,1
c_00671,p_023,2687056856,2026-08-18T08:48:30,48,1
c_00672,p_023,0790306738,2026-08-17T13:08:51,271,1
c_00673,p_024,+919320489964,2026-08-20T19:59:56,398,1
c_00674,p_024,08771753556,2026-08-04T09:36:13,137,1
c_00675,p_024,08771753556,2026-08-18T17:22:10,41,1
c_00676,p_024,06990139837,2026-08-08T07:26:33,112,1
c_00677,p_024,06990139837,2026-08-05T01:00:04,105,1
c_00678,p_024,03854678544,2026-08-02T16:15:23,294,1
c_00679,p_024,06990139837,2026-08-29T17:55:53,356,1
c_00680,p_024,+919320489964,2026-08-01T13:24:23,73,1
c_00681,p_024,08771753556,2026-08-07T11:56:50,276,1
c_00682,p_024,06990139837,2026-08-06T02:48:29,103,1
c_00683,p_024,03854678544,2026-08-24T20:07:24,349,1
c_00684,p_024,+919320489964,2026-08-20T18:56:49,262,1
c_00685,p_024,08771753556,2026-08-18T21:30:14,227,1
c_00686,p_024,06990139837,2026-08-04T23:11:36,288,1
c_00687,p_024,06990139837,2026-08-21T12:44:41,79,1
c_00688,p_024,06990139837,2026-08-06T07:44:38,49,1
c_00689,p_024,+915403317393,2026-08-27T07:58:54,77,1
c_00690,p_024,06990139837,2026-08-15T11:12:48,306,1
c_00691,p_024,08771753556,2026-08-25T19:48:56,297,1
c_00692,p_024,06990139837,2026-08-13T14:53:32,249,1
c_00693,p_024,08771753556,2026-08-07T21:13:48,209,1
c_00694,p_024,06990139837,2026-08-18T16:06:52,80,1
c_00695,p_024,03854678544,2026-08-13T18:21:08,72,1
c_00696,p_025,07933410166,2026-08-07T00:13:24,76,1
c_00697,p_025,9025039261,2026-08-17T11:42:24,328,1
c_00698,p_025,05561681472,2026-08-11T10:37:42,171,0
c_00699,p_025,+914586833901,2026-08-07T18:55:57,262,0
c_00700,p_025,08700217659,2026-08-28T21:23:38,119,1
c_00701,p_025,07933410166,2026-08-13T05:08:12,287,1
c_00702,p_025,9025039261,2026-08-09T19:51:40,161,1
c_00703,p_025,08700217659,2026-08-27T06:48:05,385,1
c_00704,p_025,+913120387509,2026-08-14T06:47:36,154,1
c_00705,p_025,8179469548,2026-08-23T17:22:50,264,0
c_00706,p_025,4840862118,2026-08-21T10:44:53,276,1
c_00707,p_025,+918033974014,2026-08-04T11:42:47,376,1
c_00708,p_025,02939685621,2026-08-22T00:50:48,210,1
c_00709,p_025,08700217659,2026-08-16T11:52:58,157,1
c_00710,p_025,+913398454615,2026-08-09T14:50:54,68,1
c_00711,p_025,+913398454615,2026-08-17T15:16:37,211,1
c_00712,p_025,9770088600,2026-08-07T13:22:03,379,1
c_00713,p_025,+918033974014,2026-08-28T21:47:01,150,1
c_00714,p_025,+918033974014,2026-08-23T01:30:32,147,1
c_00715,p_025,+913398454615,2026-08-07T01:59:30,109,1
c_00716,p_025,07933410166,2026-08-24T08:50:08,376,1
c_00717,p_025,4840862118,2026-08-29T16:09:40,307,1
c_00718,p_025,+913398454615,2026-08-29T17:45:18,347,1
c_00719,p_025,08700217659,2026-08-10T11:06:00,281,1
c_00720,p_025,9025039261,2026-08-06T11:40:03,173,1
c_00721,p_025,9770088600,2026-08-12T22:28:23,57,1
c_00722,p_025,9025039261,2026-08-16T18:31:46,46,1
c_00723,p_025,9770088600,2026-08-16T01:46:55,264,1
c_00724,p_025,+913120387509,2026-08-30T07:05:06,191,1
c_00725,p_025,+918033974014,2026-08-21T16:13:53,224,1
c_00726,p_025,08700217659,2026-08-18T10:19:33,125,1
c_00727,p_025,+913120387509,2026-08-17T10:57:56,343,1
c_00728,p_025,02939685621,2026-08-11T07:01:46,137,1
c_00729,p_025,+913398454615,2026-08-13T13:44:48,235,1
c_00730,p_025,9770088600,2026-08-09T09:19:59,324,1
c_00731,p_025,08700217659,2026-08-21T13:55:42,150,1
c_00732,p_025,+918033974014,2026-08-17T15:50:41,104,1
c_00733,p_025,+913120387509,2026-08-25T00:01:37,34,1
c_00734,p_026,6101581995,2026-08-03T20:47:55,310,1
c_00735,p_026,02626551104,2026-08-02T14:45:15,72,1
c_00736,p_026,6224447212,2026-08-04T02:49:42,365,1
c_00737,p_026,00466183982,2026-08-28T22:44:40,156,1
c_00738,p_026,00466183982,2026-08-23T03:04:01,97,1
c_00739,p_026,6224447212,2026-08-16T19:15:16,369,1
c_00740,p_026,6101581995,2026-08-11T16:55:32,269,1
c_00741,p_026,05412126788,2026-08-30T05:59:12,310,1
c_00742,p_026,00568299629,2026-08-14T08:17:18,387,0
c_00743,p_026,6101581995,2026-08-17T04:17:13,353,1
c_00744,p_026,6101581995,2026-08-23T11:12:58,298,1
c_00745,p_026,05412126788,2026-08-20T04:38:46,276,1
c_00746,p_026,6101581995,2026-08-17T04:33:39,187,1
c_00747,p_026,05412126788,2026-08-11T23:21:50,35,1
c_00748,p_026,00466183982,2026-08-01T00:03:59,206,1
c_00749,p_026,04647154379,2026-08-09T14:28:07,281,1
c_00750,p_026,6224447212,2026-08-29T09:48:33,250,1
c_00751,p_026,6224447212,2026-08-24T22:32:04,310,1
c_00752,p_026,02626551104,2026-08-12T05:01:24,253,1
c_00753,p_026,04647154379,2026-08-12T20:13:17,360,1
c_00754,p_026,05412126788,2026-08-12T16:36:02,70,1
c_00755,p_026,02626551104,2026-08-13T16:00:44,385,1
c_00756,p_026,04647154379,2026-08-21T12:56:27,302,1
c_00757,p_027,04651939828,2026-08-21T15:39:09,157,1
c_00758,p_027,6805891135,2026-08-05T17:32:34,203,1
c_00759,p_027,5424932149,2026-08-28T22:12:40,350,0
c_00760,p_027,+917374167243,2026-08-02T19:14:15,389,1
c_00761,p_027,2382825867,2026-08-17T02:10:27,149,1
c_00762,p_027,+918889937567,2026-08-10T12:03:08,254,1
c_00763,p_027,02661797968,2026-08-22T23:53:45,213,1
c_00764,p_027,9825071461,2026-08-22T17:34:02,278,1
c_00765,p_027,+912545738757,2026-08-22T04:46:14,386,1
c_00766,p_027,+912545738757,2026-08-15T16:51:58,208,1
c_00767,p_027,6805891135,2026-08-10T17:03:00,313,1
c_00768,p_027,2382825867,2026-08-05T19:26:50,181,1
c_00769,p_027,2382825867,2026-08-25T13:58:52,30,1
c_00770,p_027,+917374167243,2026-08-24T06:39:39,39,1
c_00771,p_027,6805891135,2026-08-19T14:12:32,152,1
c_00772,p_027,+912545738757,2026-08-10T14:53:59,228,1
c_00773,p_027,+912545738757,2026-08-06T16:42:21,108,1
c_00774,p_027,+918889937567,2026-08-19T09:23:17,86,1
c_00775,p_027,9825071461,2026-08-03T21:18:16,96,1
c_00776,p_027,04651939828,2026-08-06T08:37:11,278,1
c_00777,p_027,02661797968,2026-08-06T17:57:50,366,1
c_00778,p_027,6805891135,2026-08-15T16:44:05,161,1
c_00779,p_027,04651939828,2026-08-02T11:20:29,36,1
c_00780,p_027,2382825867,2026-08-28T21:45:07,70,1
c_00781,p_027,+918889937567,2026-08-15T01:00:09,315,1
c_00782,p_027,+918889937567,2026-08-23T07:18:13,392,1
c_00783,p_027,+912545738757,2026-08-02T17:58:33,50,1
c_00784,p_027,04651939828,2026-08-23T00:41:46,140,1
c_00785,p_027,+917751401051,2026-08-29T19:37:20,302,1
c_00786,p_027,+917751401051,2026-08-12T13:26:18,321,1
c_00787,p_027,+912545738757,2026-08-19T18:14:02,242,1
c_00788,p_027,6805891135,2026-08-23T09:11:52,213,1
c_00789,p_027,02661797968,2026-08-21T05:38:04,83,1
c_00790,p_027,02661797968,2026-08-06T00:06:09,288,1
c_00791,p_027,6805891135,2026-08-11T03:00:33,256,1
c_00792,p_028,5969691557,2026-08-12T23:25:03,252,1
c_00793,p_028,7676772190,2026-08-24T05:09:14,276,1
c_00794,p_028,01339596292,2026-08-17T18:41:35,130,1
c_00795,p_028,1724619196,2026-08-17T20:02:26,298,0
c_00796,p_028,02782827422,2026-08-08T09:17:49,195,1
c_00797,p_028,07905072368,2026-08-21T13:00:40,373,1
c_00798,p_028,8191485807,2026-08-13T09:46:44,194,1
c_00799,p_028,+914043842797,2026-08-11T08:03:28,116,1
c_00800,p_028,2499125134,2026-08-30T15:06:33,349,1
c_00801,p_028,8191485807,2026-08-05T08:59:21,132,1
c_00802,p_028,07905072368,2026-08-21T13:27:31,87,1
c_00803,p_028,01339596292,2026-08-23T04:29:55,105,1
c_00804,p_028,+912528669296,2026-08-27T01:30:06,205,1
c_00805,p_028,2499125134,2026-08-21T19:31:57,271,1
c_00806,p_028,5969691557,2026-08-01T16:22:43,138,1
c_00807,p_028,+914043842797,2026-08-07T02:44:13,310,1
c_00808,p_028,7676772190,2026-08-15T11:46:44,385,1
c_00809,p_028,01339596292,2026-08-21T23:06:13,369,1
c_00810,p_028,+912528669296,2026-08-16T19:17:43,175,1
c_00811,p_028,+914043842797,2026-08-07T00:30:04,57,1
c_00812,p_028,07905072368,2026-08-14T22:46:18,228,1
c_00813,p_028,3613407451,2026-08-20T19:28:06,85,1
c_00814,p_028,02782827422,2026-08-01T13:44:11,148,1
c_00815,p_028,07905072368,2026-08-30T09:27:03,191,1
c_00816,p_028,07905072368,2026-08-15T12:57:24,125,1
c_00817,p_028,07013290227,2026-08-06T23:11:24,317,0
c_00818,p_028,8191485807,2026-08-28T18:58:19,301,1
c_00819,p_028,7676772190,2026-08-10T03:32:52,39,1
c_00820,p_028,+914043842797,2026-08-11T09:40:53,150,1
c_00821,p_028,4699733549,2026-08-30T21:06:57,171,0
c_00822,p_028,02782827422,2026-08-25T08:33:46,45,1
c_00823,p_028,8191485807,2026-08-29T07:46:42,107,1
c_00824,p_028,7676772190,2026-08-11T06:05:09,74,1
c_00825,p_028,01339596292,2026-08-22T21:31:14,350,1
c_00826,p_028,01339596292,2026-08-21T14:17:48,108,1
c_00827,p_028,01339596292,2026-08-13T19:03:17,198,1
c_00828,p_028,7676772190,2026-08-14T11:24:06,327,1
c_00829,p_029,+917129387005,2026-08-27T08:00:05,232,1
c_00830,p_029,04262218909,2026-08-30T12:21:29,294,1
c_00831,p_029,08950097519,2026-08-23T22:54:54,127,0
c_00832,p_029,4667116845,2026-08-09T17:38:56,176,1
c_00833,p_029,7500170127,2026-08-14T20:10:11,57,1
c_00834,p_029,+916271361115,2026-08-21T16:45:58,360,1
c_00835,p_029,+915206436110,2026-08-14T13:13:21,122,1
c_00836,p_029,+917129387005,2026-08-24T08:41:11,99,1
c_00837,p_029,2753269731,2026-08-12T19:00:28,121,1
c_00838,p_029,07590175186,2026-08-14T14:39:00,262,1
c_00839,p_029,+916374545892,2026-08-03T16:55:45,397,1
c_00840,p_029,+916271361115,2026-08-22T23:56:55,354,1
c_00841,p_029,04262218909,2026-08-11T21:19:09,291,1
c_00842,p_029,+917129387005,2026-08-19T08:41:32,224,1
c_00843,p_029,00632424154,2026-08-02T07:36:44,319,1
c_00844,p_029,+916374545892,2026-08-27T03:20:23,104,1
c_00845,p_029,04262218909,2026-08-06T08:47:02,187,1
c_00846,p_029,+916271361115,2026-08-10T06:51:11,177,1
c_00847,p_029,+916374545892,2026-08-19T19:02:45,133,1
c_00848,p_029,2753269731,2026-08-01T02:32:37,264,1
c_00849,p_029,2753269731,2026-08-15T22:17:30,341,1
c_00850,p_030,6188924141,2026-08-19T19:35:03,201,1
c_00851,p_030,+913161799042,2026-08-14T20:58:42,296,1
c_00852,p_030,09658271091,2026-08-09T23:31:38,314,1
c_00853,p_030,09658271091,2026-08-17T01:50:15,211,1
c_00854,p_030,+913161799042,2026-08-02T23:40:24,203,1
c_00855,p_030,+910202758842,2026-08-30T12:12:19,322,1
c_00856,p_030,02410564814,2026-08-19T04:05:46,187,1
c_00857,p_030,+913161799042,2026-08-22T03:47:29,169,1
c_00858,p_030,+914300684866,2026-08-13T09:59:09,220,1
c_00859,p_030,06580185694,2026-08-14T13:22:21,140,0
c_00860,p_030,09658271091,2026-08-16T18:04:20,49,1
c_00861,p_030,9177850792,2026-08-24T08:00:32,289,1
c_00862,p_030,6188924141,2026-08-01T17:57:10,108,1
c_00863,p_030,6188924141,2026-08-06T16:57:08,188,1
c_00864,p_030,02410564814,2026-08-24T06:23:02,294,1
c_00865,p_030,+913161799042,2026-08-21T07:14:11,265,1
c_00866,p_030,02410564814,2026-08-12T15:03:48,32,1
c_00867,p_030,02410564814,2026-08-10T07:54:23,200,1
c_00868,p_030,6188924141,2026-08-15T00:09:02,367,1
c_00869,p_030,3285691463,2026-08-23T08:47:57,357,1
c_00870,p_030,+914300684866,2026-08-27T18:20:15,176,1
c_00871,p_030,9177850792,2026-08-09T07:11:15,373,1
c_00872,p_030,3285691463,2026-08-04T12:42:30,88,1
c_00873,p_030,6188924141,2026-08-01T10:59:05,82,1
c_00874,p_031,04313291212,2026-08-24T12:42:21,308,1
c_00875,p_031,01870534949,2026-08-21T19:46:33,394,1
c_00876,p_031,+917597383206,2026-08-18T05:24:56,196,1
c_00877,p_031,0238061744,2026-08-17T15:39:47,187,1
c_00878,p_031,01870534949,2026-08-29T16:14:09,380,1
c_00879,p_031,0623445655,2026-08-25T10:07:40,197,1
c_00880,p_031,01870534949,2026-08-15T19:53:33,141,1
c_00881,p_031,+913850506413,2026-08-25T12:15:51,105,1
c_00882,p_031,05719182619,2026-08-20T19:50:04,229,1
c_00883,p_031,3670241038,2026-08-19T11:12:43,378,1
c_00884,p_031,05719182619,2026-08-27T07:44:46,252,1
c_00885,p_031,01870534949,2026-08-22T12:48:34,328,1
c_00886,p_031,+917128639174,2026-08-01T05:50:45,236,0
c_00887,p_031,+913850506413,2026-08-26T10:17:54,219,1
c_00888,p_031,+910119470720,2026-08-28T00:46:28,30,0
c_00889,p_031,04313291212,2026-08-22T02:24:53,86,1
c_00890,p_031,3670241038,2026-08-26T20:05:54,251,1
c_00891,p_031,04313291212,2026-08-22T01:35:59,394,1
c_00892,p_031,3670241038,2026-08-12T11:36:30,369,1
c_00893,p_031,0623445655,2026-08-06T04:51:18,214,1
c_00894,p_031,0238061744,2026-08-26T04:46:23,98,1
c_00895,p_031,0238061744,2026-08-01T08:21:14,399,1
c_00896,p_031,0238061744,2026-08-27T13:07:11,73,1
c_00897,p_031,+917597383206,2026-08-05T02:47:54,386,1
c_00898,p_031,0238061744,2026-08-19T03:11:21,262,1
c_00899,p_031,+917597383206,2026-08-16T06:46:43,226,1
c_00900,p_031,+913850506413,2026-08-11T15:49:16,325,1
c_00901,p_031,05719182619,2026-08-15T22:40:22,240,1
c_00902,p_031,+913850506413,2026-08-28T19:07:35,49,1
c_00903,p_031,01870534949,2026-08-18T01:04:03,327,1
c_00904,p_031,0238061744,2026-08-15T10:42:13,299,1
c_00905,p_031,+916425690877,2026-08-30T12:10:37,173,0
c_00906,p_031,01870534949,2026-08-14T22:45:14,155,1
c_00907,p_032,00296670662,2026-08-23T00:42:20,296,1
c_00908,p_032,00296670662,2026-08-11T02:55:57,190,1
c_00909,p_032,03244720999,2026-08-17T10:16:51,36,1
c_00910,p_032,+910678831712,2026-08-13T08:05:56,258,1
c_00911,p_032,01013721510,2026-08-11T13:05:30,128,1
c_00912,p_032,03244720999,2026-08-02T00:30:36,334,1
c_00913,p_032,+914768701462,2026-08-20T16:45:21,356,1
c_00914,p_032,+919251142625,2026-08-04T15:41:20,74,0
c_00915,p_032,+910678831712,2026-08-26T16:38:14,361,1
c_00916,p_032,2739021962,2026-08-17T23:34:10,86,0
c_00917,p_032,+910032365199,2026-08-21T20:52:14,368,1
c_00918,p_032,01013721510,2026-08-29T02:03:03,248,1
c_00919,p_032,01013721510,2026-08-21T18:23:58,161,1
c_00920,p_032,03244720999,2026-08-05T20:36:55,225,1
c_00921,p_032,+917100219467,2026-08-12T15:47:06,162,0
c_00922,p_032,+910032365199,2026-08-29T16:02:09,65,1
c_00923,p_032,+914768701462,2026-08-15T18:02:22,231,1
c_00924,p_032,00296670662,2026-08-06T08:28:42,306,1
c_00925,p_032,+910678831712,2026-08-24T01:28:09,84,1
c_00926,p_032,03244720999,2026-08-28T09:04:43,47,1
c_00927,p_032,01013721510,2026-08-03T04:30:07,258,1
c_00928,p_032,+910678831712,2026-08-01T13:30:38,357,1
c_00929,p_032,+910032365199,2026-08-01T00:37:28,166,1
c_00930,p_032,+910032365199,2026-08-05T13:09:26,324,1
c_00931,p_032,+910032365199,2026-08-01T02:40:00,274,1
c_00932,p_032,03244720999,2026-08-14T01:57:41,306,1
c_00933,p_032,+910678831712,2026-08-07T18:36:35,276,1
c_00934,p_033,+913955905992,2026-08-22T00:56:01,353,1
c_00935,p_033,+913348039652,2026-08-02T11:58:11,263,1
c_00936,p_033,+913348039652,2026-08-19T08:04:57,84,1
c_00937,p_033,2500292185,2026-08-04T10:12:33,62,1
c_00938,p_033,7528953926,2026-08-25T03:12:23,196,1
c_00939,p_033,+913955905992,2026-08-04T14:58:39,194,1
c_00940,p_033,3087059325,2026-08-26T02:13:39,333,1
c_00941,p_033,04220969029,2026-08-06T04:52:56,102,1
c_00942,p_033,3784270103,2026-08-23T17:26:09,313,1
c_00943,p_033,3087059325,2026-08-05T22:48:15,98,1
c_00944,p_033,7528953926,2026-08-03T23:58:36,110,1
c_00945,p_033,3087059325,2026-08-01T11:15:13,33,1
c_00946,p_033,04220969029,2026-08-06T09:10:38,243,1
c_00947,p_033,+915691545226,2026-08-21T19:19:21,384,1
c_00948,p_033,04220969029,2026-08-04T19:21:45,297,1
c_00949,p_033,+913955905992,2026-08-14T12:18:06,342,1
c_00950,p_033,+915691545226,2026-08-21T18:00:17,343,1
c_00951,p_033,04220969029,2026-08-29T12:12:52,208,1
c_00952,p_033,2500292185,2026-08-13T13:31:32,90,1
c_00953,p_033,9563531531,2026-08-30T14:21:16,346,0
c_00954,p_033,2500292185,2026-08-11T20:34:08,267,1
c_00955,p_033,04220969029,2026-08-24T02:38:18,57,1
c_00956,p_033,+915691545226,2026-08-06T19:28:39,284,1
c_00957,p_033,3087059325,2026-08-06T06:57:11,57,1
c_00958,p_033,7528953926,2026-08-20T08:17:59,158,1
c_00959,p_033,+915691545226,2026-08-11T00:41:31,52,1
c_00960,p_033,+913955905992,2026-08-04T03:10:59,110,1
c_00961,p_034,+910153368844,2026-08-23T02:02:55,252,1
c_00962,p_034,03106987205,2026-08-18T09:12:58,323,1
c_00963,p_034,1599706296,2026-08-27T22:44:28,50,1
c_00964,p_034,00541152621,2026-08-30T17:43:00,47,1
c_00965,p_034,4171467741,2026-08-13T18:30:08,261,1
c_00966,p_034,1599706296,2026-08-15T20:36:18,384,1
c_00967,p_034,03106987205,2026-08-22T22:53:10,213,1
c_00968,p_034,4171467741,2026-08-09T20:58:08,38,1
c_00969,p_034,07434902115,2026-08-15T09:26:37,322,1
c_00970,p_034,07434902115,2026-08-23T10:02:47,267,1
c_00971,p_034,08617932710,2026-08-24T03:43:16,124,1
c_00972,p_034,07434902115,2026-08-24T16:41:53,390,1
c_00973,p_034,4171467741,2026-08-20T00:02:58,227,1
c_00974,p_034,1599706296,2026-08-27T19:16:22,181,1
c_00975,p_034,00541152621,2026-08-13T18:38:58,324,1
c_00976,p_034,4171467741,2026-08-24T20:01:28,347,1
c_00977,p_034,1599706296,2026-08-27T10:12:36,293,1
c_00978,p_034,1599706296,2026-08-29T08:37:55,86,1
c_00979,p_034,1599706296,2026-08-12T11:43:39,217,1
c_00980,p_034,4171467741,2026-08-11T23:49:54,317,1
c_00981,p_034,+910153368844,2026-08-22T06:43:21,152,1
c_00982,p_034,8625652704,2026-08-17T04:32:10,145,1
c_00983,p_034,00541152621,2026-08-10T14:44:02,378,1
c_00984,p_034,+910153368844,2026-08-13T16:30:32,206,1
c_00985,p_034,4171467741,2026-08-14T13:44:08,270,1
c_00986,p_034,00541152621,2026-08-22T07:04:27,179,1
c_00987,p_034,4171467741,2026-08-14T13:25:27,126,1
c_00988,p_034,4171467741,2026-08-27T18:10:13,230,1
c_00989,p_034,4171467741,2026-08-27T22:31:15,85,1
c_00990,p_034,03106987205,2026-08-05T22:37:54,284,1
c_00991,p_034,1599706296,2026-08-05T12:21:30,180,1
c_00992,p_034,03106987205,2026-08-13T11:54:23,272,1
c_00993,p_034,1599706296,2026-08-11T09:37:27,179,1
c_00994,p_035,+916329451168,2026-08-26T05:25:52,197,1
c_00995,p_035,08564679970,2026-08-02T15:37:27,299,1
c_00996,p_035,+917450544471,2026-08-07T15:56:36,130,1
c_00997,p_035,+916229991191,2026-08-01T16:14:06,376,1
c_00998,p_035,08564679970,2026-08-21T03:31:17,231,1
c_00999,p_035,08564679970,2026-08-06T20:00:14,291,1
c_01000,p_035,+917450544471,2026-08-29T07:14:58,233,1
c_01001,p_035,+917450544471,2026-08-05T10:31:15,227,1
c_01002,p_035,+917450544471,2026-08-12T04:26:18,187,1
c_01003,p_035,+916329451168,2026-08-30T07:49:01,140,1
c_01004,p_035,+916229991191,2026-08-22T20:03:15,256,1
c_01005,p_035,+916229991191,2026-08-09T15:48:59,242,1
c_01006,p_035,+916329451168,2026-08-05T04:29:19,103,1
c_01007,p_035,08548709986,2026-08-07T05:36:15,298,1
c_01008,p_035,08564679970,2026-08-30T14:22:46,222,1
c_01009,p_035,+917450544471,2026-08-03T15:40:57,242,1
c_01010,p_035,08564679970,2026-08-06T05:55:22,100,1
c_01011,p_035,+917450544471,2026-08-06T23:27:55,313,1
c_01012,p_035,+917450544471,2026-08-15T17:13:17,329,1
c_01013,p_035,+916229991191,2026-08-10T02:49:06,144,1
c_01014,p_035,+917450544471,2026-08-01T19:19:29,183,1
c_01015,p_035,+916229991191,2026-08-29T16:20:20,93,1
c_01016,p_035,+916229991191,2026-08-20T14:44:43,121,1
c_01017,p_035,+912475469137,2026-08-15T18:09:29,44,1
c_01018,p_035,+916329451168,2026-08-04T13:56:07,336,1
c_01019,p_035,08564679970,2026-08-23T08:48:25,253,1
c_01020,p_035,+916229991191,2026-08-27T01:12:32,385,1
c_01021,p_035,+914629960653,2026-08-25T13:09:43,324,1
c_01022,p_035,08564679970,2026-08-01T12:37:56,59,1
c_01023,p_035,+914629960653,2026-08-05T09:13:07,99,1
c_01024,p_035,+917450544471,2026-08-11T17:19:03,244,1
c_01025,p_035,05790552818,2026-08-20T02:05:52,54,0
c_01026,p_035,+916329451168,2026-08-09T16:41:47,293,1
c_01027,p_035,08548709986,2026-08-06T19:32:48,78,1
c_01028,p_035,+917450544471,2026-08-18T23:06:32,191,1
c_01029,p_035,+917450544471,2026-08-25T19:18:42,168,1
c_01030,p_035,+916329451168,2026-08-21T13:31:10,303,1
c_01031,p_035,+916329451168,2026-08-18T09:38:00,100,1
c_01032,p_035,+916229991191,2026-08-16T13:04:58,240,1
