post_id,person_id,timestamp,content_tags,mentioned_accounts
p_00001,p_001,2026-08-09T18:39:13,daily,
p_00002,p_001,2026-08-23T21:51:32,daily,
p_00003,p_001,2026-08-13T04:04:16,daily,
p_00004,p_001,2026-08-27T17:12:41,luxury_item,@luxury_resort
p_00005,p_002,2026-08-07T13:27:27,daily,
p_00006,p_002,2026-08-17T00:31:06,daily,
p_00007,p_002,2026-08-17T19:14:20,daily,
p_00008,p_002,2026-08-28T00:12:07,luxury_item,@luxury_resort
p_00009,p_003,2026-08-04T15:52:37,daily,
p_00010,p_003,2026-08-17T03:06:20,daily,
p_00011,p_003,2026-08-09T19:09:46,daily,
p_00012,p_003,2026-08-27T17:59:20,travel,@luxury_resort
p_00013,p_004,2026-08-15T02:11:02,daily,
p_00014,p_004,2026-08-17T13:02:21,daily,
p_00015,p_004,2026-08-12T14:38:15,daily,
p_00016,p_004,2026-08-27T09:17:44,travel,@luxury_resort
p_00017,p_005,2026-08-01T23:30:02,"daily,life",
p_00018,p_005,2026-08-09T15:26:07,"daily,life",
p_00019,p_005,2026-08-09T11:33:26,"daily,life",
p_00020,p_005,2026-08-26T18:55:00,"daily,life",
p_00021,p_005,2026-08-03T03:14:57,"daily,life",
p_00022,p_005,2026-08-08T00:03:54,"daily,life",
p_00023,p_005,2026-08-08T22:28:45,"daily,life",
p_00024,p_006,2026-08-03T21:57:28,"daily,life",
p_00025,p_006,2026-08-19T19:46:11,"daily,life",
p_00026,p_006,2026-08-02T04:23:03,"daily,life",
p_00027,p_006,2026-08-24T15:47:58,"daily,life",
p_00028,p_006,2026-08-02T00:01:20,"daily,life",
p_00029,p_006,2026-08-11T22:42:00,"daily,life",
p_00030,p_006,2026-08-04T22:36:59,"daily,life",
p_00031,p_006,2026-08-28T06:55:55,"daily,life",
p_00032,p_006,2026-08-10T19:14:15,"daily,life",
p_00033,p_006,2026-08-13T11:09:44,"daily,life",
p_00034,p_007,2026-08-03T20:27:42,"daily,life",
p_00035,p_007,2026-08-13T19:16:12,"daily,life",
p_00036,p_007,2026-08-20T22:52:39,"daily,life",
p_00037,p_007,2026-08-12T05:29:48,"daily,life",
p_00038,p_007,2026-08-05T13:54:00,"daily,life",
p_00039,p_007,2026-08-28T16:32:57,"daily,life",
p_00040,p_007,2026-08-03T00:20:09,"daily,life",
p_00041,p_007,2026-08-25T22:52:32,"daily,life",
p_00042,p_007,2026-08-03T19:07:32,"daily,life",
p_00043,p_007,2026-08-03T21:31:35,"daily,life",
p_00044,p_008,2026-08-21T08:48:22,"daily,life",
p_00045,p_008,2026-08-02T13:42:11,"daily,life",
p_00046,p_008,2026-08-19T22:14:18,"daily,life",
p_00047,p_008,2026-08-11T00:56:51,"daily,life",
p_00048,p_008,2026-08-10T21:22:38,"daily,life",
p_00049,p_008,2026-08-17T17:44:00,"daily,life",
p_00050,p_008,2026-08-12T14:19:34,"daily,life",
p_00051,p_009,2026-08-11T17:01:17,"daily,life",
p_00052,p_009,2026-08-24T10:12:21,"daily,life",
p_00053,p_009,2026-08-26T23:22:29,"daily,life",
p_00054,p_009,2026-08-10T22:59:08,"daily,life",
p_00055,p_009,2026-08-04T17:37:19,"daily,life",
p_00056,p_009,2026-08-12T00:58:25,"daily,life",
p_00057,p_009,2026-08-27T16:25:49,"daily,life",
p_00058,p_010,2026-08-29T08:40:37,"daily,life",
p_00059,p_010,2026-08-26T22:11:52,"daily,life",
p_00060,p_010,2026-08-13T13:03:25,"daily,life",
p_00061,p_010,2026-08-29T21:08:01,"daily,life",
p_00062,p_010,2026-08-28T01:39:49,"daily,life",
p_00063,p_010,2026-08-25T09:42:14,"daily,life",
p_00064,p_010,2026-08-29T00:18:03,"daily,life",
p_00065,p_011,2026-08-06T18:49:27,"daily,life",
p_00066,p_011,2026-08-04T09:06:20,"daily,life",
p_00067,p_011,2026-08-05T20:59:45,"daily,life",
p_00068,p_011,2026-08-14T18:25:06,"daily,life",
p_00069,p_011,2026-08-08T17:13:50,"daily,life",
p_00070,p_011,2026-08-06T14:03:47,"daily,life",
p_00071,p_011,2026-08-23T02:21:53,"daily,life",
p_00072,p_012,2026-08-10T13:29:19,"daily,life",
p_00073,p_012,2026-08-13T11:45:13,"daily,life",
p_00074,p_012,2026-08-05T11:26:12,"daily,life",
p_00075,p_012,2026-08-12T07:03:04,"daily,life",
p_00076,p_012,2026-08-23T15:10:46,"daily,life",
p_00077,p_012,2026-08-15T04:56:00,"daily,life",
p_00078,p_012,2026-08-26T11:31:31,"daily,life",
p_00079,p_012,2026-08-10T00:31:48,"daily,life",
p_00080,p_012,2026-08-22T05:27:19,"daily,life",
p_00081,p_013,2026-08-01T18:54:30,"daily,life",
p_00082,p_013,2026-08-11T14:49:05,"daily,life",
p_00083,p_013,2026-08-03T19:00:22,"daily,life",
p_00084,p_013,2026-08-18T22:35:29,"daily,life",
p_00085,p_013,2026-08-10T17:35:23,"daily,life",
p_00086,p_014,2026-08-18T16:55:16,"daily,life",
p_00087,p_014,2026-08-21T03:55:09,"daily,life",
p_00088,p_014,2026-08-10T09:29:37,"daily,life",
p_00089,p_014,2026-08-08T03:46:20,"daily,life",
p_00090,p_014,2026-08-04T12:12:11,"daily,life",
p_00091,p_014,2026-08-12T04:46:49,"daily,life",
p_00092,p_014,2026-08-05T05:46:41,"daily,life",
p_00093,p_014,2026-08-12T15:41:36,"daily,life",
p_00094,p_014,2026-08-18T21:25:35,"daily,life",
p_00095,p_015,2026-08-29T00:25:32,"daily,life",
p_00096,p_015,2026-08-04T23:01:39,"daily,life",
p_00097,p_015,2026-08-26T19:47:09,"daily,life",
p_00098,p_015,2026-08-18T01:14:01,"daily,life",
p_00099,p_015,2026-08-11T23:05:49,"daily,life",
p_00100,p_015,2026-08-21T11:43:05,"daily,life",
p_00101,p_015,2026-08-23T21:09:45,"daily,life",
p_00102,p_016,2026-08-30T05:40:46,"daily,life",
p_00103,p_016,2026-08-03T13:07:47,"daily,life",
p_00104,p_016,2026-08-03T20:48:55,"daily,life",
p_00105,p_016,2026-08-05T00:07:47,"daily,life",
p_00106,p_016,2026-08-25T14:22:23,"daily,life",
p_00107,p_016,2026-08-03T05:52:40,"daily,life",
p_00108,p_016,2026-08-18T00:49:51,"daily,life",
p_00109,p_016,2026-08-14T01:11:15,"daily,life",
p_00110,p_017,2026-08-01T15:46:38,"daily,life",
p_00111,p_017,2026-08-18T14:21:30,"daily,life",
p_00112,p_017,2026-08-28T12:24:04,"daily,life",
p_00113,p_017,2026-08-24T05:32:37,"daily,life",
p_00114,p_017,2026-08-26T09:27:58,"daily,life",
p_00115,p_018,2026-08-12T15:25:53,"daily,life",
p_00116,p_018,2026-08-12T22:05:44,"daily,life",
p_00117,p_018,2026-08-10T18:48:40,"daily,life",
p_00118,p_018,2026-08-09T06:51:52,"daily,life",
p_00119,p_018,2026-08-14T17:52:23,"daily,life",
p_00120,p_019,2026-08-05T11:56:56,"daily,life",
p_00121,p_019,2026-08-23T23:08:29,"daily,life",
p_00122,p_019,2026-08-27T23:46:28,"daily,life",
p_00123,p_019,2026-08-25T03:54:34,"daily,life",
p_00124,p_019,2026-08-25T01:42:06,"daily,life",
p_00125,p_019,2026-08-19T00:01:26,"daily,life",
p_00126,p_020,2026-08-26T01:22:01,"daily,life",
p_00127,p_020,2026-08-21T01:41:44,"daily,life",
p_00128,p_020,2026-08-05T11:23:02,"daily,life",
p_00129,p_020,2026-08-03T16:51:34,"daily,life",
p_00130,p_020,2026-08-16T08:25:40,"daily,life",
p_00131,p_021,2026-08-25T17:40:44,"daily,life",
p_00132,p_021,2026-08-06T17:13:00,"daily,life",
p_00133,p_021,2026-08-11T03:18:43,"daily,life",
p_00134,p_021,2026-08-23T17:08:51,"daily,life",
p_00135,p_021,2026-08-02T09:28:48,"daily,life",
p_00136,p_021,2026-08-19T23:55:59,"daily,life",
p_00137,p_021,2026-08-21T03:56:31,"daily,life",
p_00138,p_021,2026-08-04T16:43:04,"daily,life",
p_00139,p_022,2026-08-13T17:25:50,"daily,life",
p_00140,p_022,2026-08-04T02:49:38,"daily,life",
p_00141,p_022,2026-08-17T03:10:58,"daily,life",
p_00142,p_022,2026-08-22T01:58:29,"daily,life",
p_00143,p_022,2026-08-30T06:52:52,"daily,life",
p_00144,p_022,2026-08-24T06:08:55,"daily,life",
p_00145,p_022,2026-08-20T09:31:26,"daily,life",
p_00146,p_022,2026-08-29T04:37:14,"daily,life",
p_00147,p_022,2026-08-23T09:45:41,"daily,life",
p_00148,p_022,2026-08-05T14:42:11,"daily,life",
p_00149,p_023,2026-08-03T07:30:12,"daily,life",
p_00150,p_023,2026-08-20T07:18:12,"daily,life",
p_00151,p_023,2026-08-07T08:17:32,"daily,life",
p_00152,p_023,2026-08-06T14:34:19,"daily,life",
p_00153,p_023,2026-08-11T20:48:01,"daily,life",
p_00154,p_023,2026-08-22T12:27:28,"daily,life",
p_00155,p_024,2026-08-06T02:01:39,"daily,life",
p_00156,p_024,2026-08-02T01:57:50,"daily,life",
p_00157,p_024,2026-08-08T04:15:53,"daily,life",
p_00158,p_024,2026-08-01T00:12:24,"daily,life",
p_00159,p_024,2026-08-05T17:21:36,"daily,life",
p_00160,p_024,2026-08-30T21:42:30,"daily,life",
p_00161,p_024,2026-08-24T09:21:52,"daily,life",
p_00162,p_024,2026-08-11T14:15:06,"daily,life",
p_00163,p_024,2026-08-12T20:30:10,"daily,life",
p_00164,p_025,2026-08-22T19:59:46,"daily,life",
p_00165,p_025,2026-08-20T20:39:22,"daily,life",
p_00166,p_025,2026-08-29T05:06:53,"daily,life",
p_00167,p_025,2026-08-22T00:30:06,"daily,life",
p_00168,p_025,2026-08-03T09:38:47,"daily,life",
p_00169,p_025,2026-08-06T00:10:31,"daily,life",
p_00170,p_026,2026-08-01T10:50:55,"daily,life",
p_00171,p_026,2026-08-24T19:57:39,"daily,life",
p_00172,p_026,2026-08-18T12:58:54,"daily,life",
p_00173,p_026,2026-08-12T20:58:55,"daily,life",
p_00174,p_026,2026-08-08T07:01:27,"daily,life",
p_00175,p_026,2026-08-30T01:33:40,"daily,life",
p_00176,p_026,2026-08-18T10:22:31,"daily,life",
p_00177,p_027,2026-08-13T22:59:37,"daily,life",
p_00178,p_027,2026-08-24T14:11:06,"daily,life",
p_00179,p_027,2026-08-05T10:34:08,"daily,life",
p_00180,p_027,2026-08-11T02:02:27,"daily,life",
p_00181,p_027,2026-08-15T06:36:55,"daily,life",
p_00182,p_027,2026-08-23T08:37:36,"daily,life",
p_00183,p_028,2026-08-10T09:17:10,"daily,life",
p_00184,p_028,2026-08-19T08:17:00,"daily,life",
p_00185,p_028,2026-08-23T06:34:36,"daily,life",
p_00186,p_028,2026-08-18T19:32:24,"daily,life",
p_00187,p_028,2026-08-16T18:09:57,"daily,life",
p_00188,p_028,2026-08-27T06:33:49,"daily,life",
p_00189,p_028,2026-08-24T14:34:56,"daily,life",
p_00190,p_028,2026-08-16T14:52:02,"daily,life",
p_00191,p_028,2026-08-14T13:09:32,"daily,life",
p_00192,p_028,2026-08-25T19:26:50,"daily,life",
p_00193,p_029,2026-08-18T01:37:24,"daily,life",
p_00194,p_029,2026-08-29T19:16:52,"daily,life",
p_00195,p_029,2026-08-25T23:04:14,"daily,life",
p_00196,p_029,2026-08-06T19:41:28,"daily,life",
p_00197,p_029,2026-08-26T00:21:15,"daily,life",
p_00198,p_029,2026-08-28T16:02:29,"daily,life",
p_00199,p_029,2026-08-15T08:57:28,"daily,life",
p_00200,p_029,2026-08-15T05:38:25,"daily,life",
p_00201,p_029,2026-08-02T01:36:06,"daily,life",
p_00202,p_029,2026-08-05T01:44:34,"daily,life",
p_00203,p_030,2026-08-14T19:54:06,"daily,life",
p_00204,p_030,2026-08-18T17:11:09,"daily,life",
p_00205,p_030,2026-08-08T03:46:27,"daily,life",
p_00206,p_030,2026-08-08T07:27:27,"daily,life",
p_00207,p_030,2026-08-05T18:29:40,"daily,life",
p_00208,p_030,2026-08-15T11:18:35,"daily,life",
p_00209,p_030,2026-08-02T23:33:47,"daily,life",
p_00210,p_030,2026-08-07T05:55:53,"daily,life",
p_00211,p_030,2026-08-21T19:43:23,"daily,life",
p_00212,p_031,2026-08-19T07:32:58,"daily,life",
p_00213,p_031,2026-08-20T13:29:14,"daily,life",
p_00214,p_031,2026-08-09T04:15:54,"daily,life",
p_00215,p_031,2026-08-09T02:38:05,"daily,life",
p_00216,p_031,2026-08-25T01:40:04,"daily,life",
p_00217,p_031,2026-08-08T15:50:51,"daily,life",
p_00218,p_031,2026-08-18T12:36:26,"daily,life",
p_00219,p_031,2026-08-14T19:59:53,"daily,life",
p_00220,p_032,2026-08-23T01:31:51,"daily,life",
p_00221,p_032,2026-08-15T16:00:15,"daily,life",
p_00222,p_032,2026-08-01T13:43:31,"daily,life",
p_00223,p_032,2026-08-28T05:10:07,"daily,life",
p_00224,p_032,2026-08-19T13:13:40,"daily,life",
p_00225,p_033,2026-08-30T02:29:52,"daily,life",
p_00226,p_033,2026-08-26T15:36:10,"daily,life",
p_00227,p_033,2026-08-03T14:15:41,"daily,life",
p_00228,p_033,2026-08-26T17:01:15,"daily,life",
p_00229,p_033,2026-08-15T16:14:01,"daily,life",
p_00230,p_033,2026-08-30T20:52:41,"daily,life",
p_00231,p_033,2026-08-18T17:56:17,"daily,life",
p_00232,p_033,2026-08-26T02:37:55,"daily,life",
p_00233,p_033,2026-08-09T09:00:10,"daily,life",
p_00234,p_034,2026-08-22T20:33:05,"daily,life",
p_00235,p_034,2026-08-28T16:03:01,"daily,life",
p_00236,p_034,2026-08-11T03:51:10,"daily,life",
p_00237,p_034,2026-08-04T08:52:02,"daily,life",
p_00238,p_034,2026-08-15T08:51:59,"daily,life",
p_00239,p_034,2026-08-02T04:51:29,"daily,life",
p_00240,p_034,2026-08-21T08:09:57,"daily,life",
p_00241,p_034,2026-08-04T12:09:02,"daily,life",
p_00242,p_034,2026-08-01T17:51:10,"daily,life",
p_00243,p_035,2026-08-21T22:39:20,"daily,life",
p_00244,p_035,2026-08-06T13:17:26,"daily,life",
p_00245,p_035,2026-08-21T04:56:18,"daily,life",
p_00246,p_035,2026-08-04T05:16:25,"daily,life",
p_00247,p_035,2026-08-26T01:00:51,"daily,life",
p_00248,p_035,2026-08-30T10:32:12,"daily,life",
p_00249,p_035,2026-08-13T17:20:46,"daily,life",
