txn_id,person_id,amount,timestamp,counterparty,type
t_00001,p_001,847.8,2026-08-15T14:30:28,Niharika Sundaram,payment
t_00002,p_001,631.24,2026-08-04T18:11:53,Daksh Varma,payment
t_00003,p_001,1279.99,2026-08-16T17:54:25,Dominic Mukhopadhyay,payment
t_00004,p_001,144.94,2026-08-06T06:26:04,Krishna Viswanathan,withdrawal
t_00005,p_001,192.66,2026-08-10T05:26:34,Oscar Hans,withdrawal
t_00006,p_001,798.92,2026-08-05T21:22:11,Dalbir Krish,withdrawal
t_00007,p_001,295.48,2026-08-04T06:51:54,Tanmayi Bedi,withdrawal
t_00008,p_001,699.81,2026-08-18T04:21:05,Rushil Mahal,withdrawal
t_00009,p_001,1496.26,2026-08-09T07:49:19,Ucchal Tiwari,payment
t_00010,p_001,227.27,2026-08-12T17:15:30,Jatin Balasubramanian,payment
t_00011,p_001,313.98,2026-08-20T19:19:43,Kashish Suresh,payment
t_00012,p_001,691.02,2026-08-19T05:13:40,Peter Som,payment
t_00013,p_001,9525.02,2026-08-26T05:45:00,Offshore Shell Corp,transfer
t_00014,p_001,47442.54,2026-08-10T12:00:00,ATM Cash Deposit,deposit
t_00015,p_001,49644.56,2026-08-11T10:00:00,ATM Cash Deposit,deposit
t_00016,p_001,46197.02,2026-08-12T12:00:00,ATM Cash Deposit,deposit
t_00017,p_001,49389.17,2026-08-13T11:00:00,ATM Cash Deposit,deposit
t_00018,p_001,45428.18,2026-08-14T10:00:00,ATM Cash Deposit,deposit
t_00019,p_002,1120.71,2026-08-11T17:47:51,Abhimanyu Vaidya,payment
t_00020,p_002,1119.5,2026-08-02T09:27:29,Barkha Misra,payment
t_00021,p_002,366.29,2026-08-06T17:15:29,Vasatika Bhatt,withdrawal
t_00022,p_002,356.88,2026-08-04T05:22:50,Aradhana Nair,withdrawal
t_00023,p_002,1392.57,2026-08-06T17:53:35,Advika Misra,withdrawal
t_00024,p_002,1298.35,2026-08-19T14:01:41,Mason Varughese,payment
t_00025,p_002,1499.0,2026-08-02T03:55:29,Dakshesh Raval,payment
t_00026,p_002,1396.91,2026-08-23T06:53:09,Logan Bal,payment
t_00027,p_002,779.9,2026-08-04T19:48:13,Chakrika Lad,payment
t_00028,p_002,1363.42,2026-08-20T21:17:13,Nidhi Rama,payment
t_00029,p_002,1479.43,2026-08-09T17:11:35,Ranveer Oza,withdrawal
t_00030,p_002,8807.55,2026-08-26T05:59:00,Offshore Shell Corp,transfer
t_00031,p_002,48096.29,2026-08-10T10:00:00,ATM Cash Deposit,deposit
t_00032,p_002,48286.21,2026-08-11T13:00:00,ATM Cash Deposit,deposit
t_00033,p_002,49672.6,2026-08-12T12:00:00,ATM Cash Deposit,deposit
t_00034,p_002,48347.96,2026-08-13T11:00:00,ATM Cash Deposit,deposit
t_00035,p_002,46193.19,2026-08-14T12:00:00,ATM Cash Deposit,deposit
t_00036,p_003,698.76,2026-08-13T16:31:39,Odika Bhagat,payment
t_00037,p_003,1423.07,2026-08-03T13:45:15,Laksh Iyer,payment
t_00038,p_003,1268.43,2026-08-13T13:09:57,Nimrat Shankar,payment
t_00039,p_003,158.56,2026-08-10T21:14:32,Diya Gole,withdrawal
t_00040,p_003,1214.57,2026-08-21T16:14:16,Vinaya Natarajan,payment
t_00041,p_003,394.11,2026-08-21T16:12:23,Dhriti Bhardwaj,payment
t_00042,p_003,595.15,2026-08-16T08:08:50,Siya Mahal,withdrawal
t_00043,p_003,1149.27,2026-08-23T09:33:28,Om Dutt,payment
t_00044,p_003,1466.69,2026-08-20T21:15:44,Gaurang Dayal,payment
t_00045,p_003,134.7,2026-08-21T06:32:30,Pushti Raval,withdrawal
t_00046,p_003,676.4,2026-08-18T23:52:38,Vansha Rajagopal,payment
t_00047,p_003,8076.51,2026-08-26T05:34:00,Offshore Shell Corp,transfer
t_00048,p_003,47181.53,2026-08-10T12:00:00,ATM Cash Deposit,deposit
t_00049,p_003,46925.59,2026-08-11T10:00:00,ATM Cash Deposit,deposit
t_00050,p_003,46273.36,2026-08-12T11:00:00,ATM Cash Deposit,deposit
t_00051,p_003,45008.45,2026-08-13T13:00:00,ATM Cash Deposit,deposit
t_00052,p_003,46820.74,2026-08-14T11:00:00,ATM Cash Deposit,deposit
t_00053,p_004,306.3,2026-08-19T13:13:21,Siddharth Bains,payment
t_00054,p_004,765.19,2026-08-06T15:09:11,Jatin Peri,payment
t_00055,p_004,1340.59,2026-08-11T11:23:23,Keya Kumer,payment
t_00056,p_004,637.57,2026-08-17T12:31:37,Chanakya Chokshi,withdrawal
t_00057,p_004,1018.48,2026-08-06T14:40:45,Chanakya D’Alia,payment
t_00058,p_004,1304.62,2026-08-21T12:44:53,Sachi Rai,payment
t_00059,p_004,406.38,2026-08-18T21:41:17,Zayyan Som,withdrawal
t_00060,p_004,448.88,2026-08-02T03:43:13,Samesh Andra,payment
t_00061,p_004,1221.98,2026-08-11T11:58:00,Osha Chaudhuri,withdrawal
t_00062,p_004,9412.84,2026-08-26T05:49:00,Offshore Shell Corp,transfer
t_00063,p_004,47078.46,2026-08-10T13:00:00,ATM Cash Deposit,deposit
t_00064,p_004,49163.62,2026-08-11T11:00:00,ATM Cash Deposit,deposit
t_00065,p_004,49523.29,2026-08-12T13:00:00,ATM Cash Deposit,deposit
t_00066,p_004,49282.8,2026-08-13T10:00:00,ATM Cash Deposit,deposit
t_00067,p_005,556.62,2026-08-17T15:43:36,Dhriti Sandhu,withdrawal
t_00068,p_005,1032.56,2026-08-20T09:03:00,Girish Bath,payment
t_00069,p_005,521.03,2026-08-03T18:59:54,Lakshit Garde,payment
t_00070,p_005,1204.96,2026-08-10T04:28:06,Ishita Sarma,withdrawal
t_00071,p_005,753.14,2026-08-17T14:30:01,Girik Pradhan,withdrawal
t_00072,p_005,962.12,2026-08-11T13:18:12,Qadim Comar,withdrawal
t_00073,p_005,329.25,2026-08-08T13:00:38,Mugdha Shan,payment
t_00074,p_005,1511.47,2026-08-10T11:11:40,Lekha Sridhar,payment
t_00075,p_005,1503.35,2026-08-06T17:54:34,Ojas Chowdhury,withdrawal
t_00076,p_005,1955.55,2026-08-22T17:42:04,Daniel Dutta,withdrawal
t_00077,p_005,1681.99,2026-08-30T09:58:03,Omaja Subramanian,withdrawal
t_00078,p_005,440.94,2026-08-07T19:47:16,Pratyush Raghavan,payment
t_00079,p_005,340.51,2026-08-22T05:46:23,Ayush De,payment
t_00080,p_005,1151.38,2026-08-30T05:29:32,Vinaya Chowdhury,payment
t_00081,p_005,1530.31,2026-08-20T03:15:58,Ridhi Batra,payment
t_00082,p_005,1190.72,2026-08-27T04:21:29,Advika Murthy,withdrawal
t_00083,p_005,747.34,2026-08-15T08:40:27,Udarsh Nigam,payment
t_00084,p_005,1737.27,2026-08-08T13:47:03,Rachita Kothari,payment
t_00085,p_005,861.34,2026-08-25T15:55:23,Hiral Rajan,payment
t_00086,p_005,1404.26,2026-08-18T07:27:18,Chatura Apte,payment
t_00087,p_005,1169.4,2026-08-05T11:25:20,Yashasvi Singh,withdrawal
t_00088,p_005,571.56,2026-08-03T13:19:48,Noah Borde,withdrawal
t_00089,p_005,1602.41,2026-08-19T04:32:55,Ekani Khosla,payment
t_00090,p_005,822.72,2026-08-24T06:29:57,Arunima Bedi,withdrawal
t_00091,p_005,1218.2,2026-08-09T22:05:39,Kritika Rau,withdrawal
t_00092,p_005,1279.95,2026-08-10T03:52:25,Farhan Sharaf,payment
t_00093,p_005,494.8,2026-08-29T10:15:53,Sara Chakrabarti,payment
t_00094,p_005,254.26,2026-08-08T22:32:42,Sanya Mutti,payment
t_00095,p_005,242.62,2026-08-06T05:08:44,Widisha Badami,payment
t_00096,p_005,1409.81,2026-08-13T06:07:57,Netra Sachar,withdrawal
t_00097,p_006,373.9,2026-08-01T11:03:00,Harita Patla,payment
t_00098,p_006,1584.9,2026-08-03T05:52:34,Udant Sha,withdrawal
t_00099,p_006,1416.14,2026-08-11T03:45:50,Urvashi Patla,payment
t_00100,p_006,1719.45,2026-08-26T13:16:15,Ishaan Chatterjee,withdrawal
t_00101,p_006,1290.92,2026-08-29T14:58:49,Aarnav Om,withdrawal
t_00102,p_006,168.21,2026-08-27T04:06:56,Bishakha Vig,payment
t_00103,p_006,1400.36,2026-08-08T01:02:04,Hitesh Bath,withdrawal
t_00104,p_006,1518.86,2026-08-30T22:08:47,Waida Dey,withdrawal
t_00105,p_006,1544.7,2026-08-30T08:24:11,Hredhaan Kumar,payment
t_00106,p_006,1418.6,2026-08-14T07:26:54,Raghav Dara,payment
t_00107,p_006,1612.67,2026-08-02T09:06:48,Tanveer Shankar,withdrawal
t_00108,p_006,918.3,2026-08-11T18:05:36,Hamsini Chokshi,payment
t_00109,p_006,1175.26,2026-08-16T22:26:23,Chakradhar Dasgupta,payment
t_00110,p_006,250.04,2026-08-06T02:23:17,Tanvi Thaman,withdrawal
t_00111,p_006,557.58,2026-08-19T14:11:29,Wishi Agrawal,payment
t_00112,p_006,1312.02,2026-08-07T23:10:32,Rachita Subramanian,withdrawal
t_00113,p_006,117.86,2026-08-08T15:50:06,Oscar Dave,withdrawal
t_00114,p_006,1387.46,2026-08-28T00:52:14,Lila Nagy,payment
t_00115,p_006,1895.95,2026-08-03T05:10:50,Omya Kothari,withdrawal
t_00116,p_006,906.19,2026-08-20T04:02:09,Mitali Oza,withdrawal
t_00117,p_006,674.03,2026-08-14T16:55:18,Sneha Deol,withdrawal
t_00118,p_006,302.64,2026-08-26T14:24:05,Nitara Vala,withdrawal
t_00119,p_006,1192.14,2026-08-18T03:47:03,Dipta Kalla,withdrawal
t_00120,p_006,1677.07,2026-08-01T15:47:47,Shaurya Mannan,withdrawal
t_00121,p_006,1175.27,2026-08-09T05:37:33,Kevin Gokhale,payment
t_00122,p_006,1515.83,2026-08-28T07:38:39,Jack Pandey,withdrawal
t_00123,p_006,537.22,2026-08-24T06:32:00,Omisha Walla,withdrawal
t_00124,p_006,461.25,2026-08-07T13:40:59,Pahal Arya,withdrawal
t_00125,p_006,1469.76,2026-08-21T07:59:25,Aryan Raj,payment
t_00126,p_007,1644.8,2026-08-18T14:11:44,Yasti Mani,payment
t_00127,p_007,380.35,2026-08-10T20:33:46,Lakshmi Ram,payment
t_00128,p_007,1969.65,2026-08-09T07:38:16,Dhriti Bhagat,payment
t_00129,p_007,1617.18,2026-08-17T04:57:18,Zayan Jain,payment
t_00130,p_007,148.98,2026-08-20T19:57:41,Umang Pillai,payment
t_00131,p_007,1598.02,2026-08-11T17:56:03,Rishi Menon,withdrawal
t_00132,p_007,604.2,2026-08-01T11:21:44,Peter Borde,payment
t_00133,p_007,1099.56,2026-08-23T06:02:13,Oscar Varkey,payment
t_00134,p_007,1578.23,2026-08-15T06:53:49,Krishna Baria,payment
t_00135,p_007,520.94,2026-08-14T13:26:38,Arya Lalla,payment
t_00136,p_007,1826.63,2026-08-22T19:36:53,Naveen Kumer,withdrawal
t_00137,p_007,1931.65,2026-08-14T17:47:26,Ganga Shukla,payment
t_00138,p_007,1709.87,2026-08-30T22:58:56,Balveer Dube,withdrawal
t_00139,p_007,1031.51,2026-08-21T13:59:24,Charan Mitra,withdrawal
t_00140,p_007,253.5,2026-08-03T04:54:47,Ishita Bora,payment
t_00141,p_007,622.53,2026-08-02T23:17:28,Thomas Gour,withdrawal
t_00142,p_007,1235.04,2026-08-12T10:15:04,Yashasvi Dutta,withdrawal
t_00143,p_007,1250.31,2026-08-14T14:40:30,Netra Chanda,payment
t_00144,p_007,317.39,2026-08-24T19:01:45,Timothy Kala,payment
t_00145,p_007,1787.37,2026-08-13T21:39:01,Garima Patel,withdrawal
t_00146,p_007,961.65,2026-08-11T04:01:50,Tejas Wali,withdrawal
t_00147,p_008,1704.52,2026-08-03T15:27:12,Aditya Contractor,payment
t_00148,p_008,860.85,2026-08-14T01:41:13,Sanaya Khosla,payment
t_00149,p_008,689.52,2026-08-12T20:57:07,Balveer Nagi,withdrawal
t_00150,p_008,1580.32,2026-08-07T15:31:54,Ishaan Raju,payment
t_00151,p_008,316.65,2026-08-16T07:32:52,Barkha Bakshi,payment
t_00152,p_008,763.81,2026-08-28T04:15:51,Yoshita Trivedi,payment
t_00153,p_008,378.24,2026-08-08T02:06:48,Vidhi Bassi,payment
t_00154,p_008,390.45,2026-08-06T04:55:09,Reyansh Nagi,payment
t_00155,p_008,1568.41,2026-08-06T07:32:42,Gopal Ganesh,withdrawal
t_00156,p_008,1171.1,2026-08-14T22:02:46,Dominic Kade,withdrawal
t_00157,p_008,1775.89,2026-08-21T10:24:57,Panini Chawla,withdrawal
t_00158,p_008,1291.71,2026-08-26T22:15:27,Radhika Bora,payment
t_00159,p_008,990.95,2026-08-14T04:37:45,Arjun Sharaf,withdrawal
t_00160,p_008,1223.7,2026-08-24T21:21:26,Baljiwan Chahal,withdrawal
t_00161,p_008,689.77,2026-08-16T05:16:57,Chatura Gokhale,withdrawal
t_00162,p_008,800.6,2026-08-02T03:04:37,Ekavir Kari,withdrawal
t_00163,p_008,1742.08,2026-08-03T07:14:46,Nikita Rama,payment
t_00164,p_008,1063.43,2026-08-19T10:48:21,Nidhi Sant,withdrawal
t_00165,p_008,1913.04,2026-08-18T09:50:13,Anay Ramachandran,payment
t_00166,p_008,1638.65,2026-08-14T11:48:29,Abeer Bhatnagar,payment
t_00167,p_008,1003.7,2026-08-10T15:29:57,Elijah Parmar,payment
t_00168,p_008,955.99,2026-08-29T17:33:36,Bimala Mitra,withdrawal
t_00169,p_008,260.23,2026-08-30T11:19:03,Baghyawati Sarma,payment
t_00170,p_008,1444.48,2026-08-02T04:10:56,Megha Balasubramanian,withdrawal
t_00171,p_008,1258.63,2026-08-16T17:19:45,Naksh Walla,withdrawal
t_00172,p_008,637.5,2026-08-12T04:27:12,Laban Raman,withdrawal
t_00173,p_009,361.44,2026-08-24T17:47:38,Maanas Misra,withdrawal
t_00174,p_009,997.66,2026-08-28T12:31:30,Advay Dhaliwal,payment
t_00175,p_009,991.31,2026-08-23T18:21:56,Benjamin Ahluwalia,payment
t_00176,p_009,136.11,2026-08-28T04:13:02,Frederick Mody,payment
t_00177,p_009,1142.73,2026-08-26T01:10:24,Hemangini Kakar,withdrawal
t_00178,p_009,647.39,2026-08-04T08:03:16,Yauvani Dhar,withdrawal
t_00179,p_009,553.04,2026-08-04T15:43:50,Qarin Kant,withdrawal
t_00180,p_009,1689.71,2026-08-02T21:13:16,Rishi Contractor,withdrawal
t_00181,p_009,131.23,2026-08-18T21:39:07,Chatura Shenoy,payment
t_00182,p_009,653.42,2026-08-22T13:21:06,Bina Bhavsar,payment
t_00183,p_009,557.07,2026-08-19T10:39:46,Guneet Hora,withdrawal
t_00184,p_009,1369.61,2026-08-06T14:51:57,Ganga Parikh,withdrawal
t_00185,p_009,1099.51,2026-08-03T00:43:44,Wahab Chaudhry,payment
t_00186,p_009,993.26,2026-08-12T17:07:36,Ekaraj Hari,withdrawal
t_00187,p_009,581.94,2026-08-30T10:20:54,Vedika Seshadri,payment
t_00188,p_009,228.36,2026-08-11T17:06:27,Damini Dua,payment
t_00189,p_009,1293.69,2026-08-22T23:43:03,Diya Sangha,withdrawal
t_00190,p_009,769.37,2026-08-05T00:03:17,Aayush Munshi,withdrawal
t_00191,p_009,432.67,2026-08-25T09:43:34,Timothy Sarin,withdrawal
t_00192,p_009,1009.21,2026-08-30T10:11:23,Jagvi Desai,payment
t_00193,p_009,219.89,2026-08-25T08:16:41,Varsha Shere,withdrawal
t_00194,p_009,483.02,2026-08-02T02:37:41,Jagrati Mody,payment
t_00195,p_009,699.63,2026-08-27T13:46:08,Ikbal Gill,withdrawal
t_00196,p_009,1979.33,2026-08-16T11:04:34,Avni Dey,withdrawal
t_00197,p_009,1531.25,2026-08-08T14:23:09,Adya Bose,payment
t_00198,p_010,407.74,2026-08-10T02:58:10,Urmi Dixit,payment
t_00199,p_010,1887.72,2026-08-11T09:08:11,Manya Kapoor,withdrawal
t_00200,p_010,576.15,2026-08-26T09:04:20,Krish Shetty,withdrawal
t_00201,p_010,675.37,2026-08-04T18:07:21,Mekhala Patla,payment
t_00202,p_010,420.41,2026-08-16T01:51:09,William Gandhi,payment
t_00203,p_010,1286.51,2026-08-06T03:15:52,Sanaya Dutta,withdrawal
t_00204,p_010,1170.87,2026-08-26T06:37:17,Madhav Sule,payment
t_00205,p_010,1902.24,2026-08-03T10:28:49,Banjeet Kanda,withdrawal
t_00206,p_010,1557.22,2026-08-20T12:48:48,Vincent Bhatnagar,withdrawal
t_00207,p_010,157.54,2026-08-19T13:02:17,Kala Kaur,withdrawal
t_00208,p_010,673.98,2026-08-20T06:10:23,Samuel Vasa,payment
t_00209,p_010,1401.48,2026-08-25T03:22:31,Lipika Singh,withdrawal
t_00210,p_010,1408.37,2026-08-14T14:33:06,Chakradhar Baral,payment
t_00211,p_010,1020.08,2026-08-14T04:30:57,Harshil Verma,payment
t_00212,p_010,372.97,2026-08-11T04:56:19,Adya Ghosh,withdrawal
t_00213,p_010,1735.48,2026-08-23T00:37:25,Kritika Pau,withdrawal
t_00214,p_010,804.03,2026-08-04T22:09:05,Zansi Krishnamurthy,payment
t_00215,p_010,986.3,2026-08-10T13:45:48,Udant Varty,withdrawal
t_00216,p_010,367.67,2026-08-14T11:42:32,Ira Pai,payment
t_00217,p_011,696.13,2026-08-16T18:20:36,Ishaan Subramaniam,payment
t_00218,p_011,1112.94,2026-08-14T18:57:27,Varenya Kade,withdrawal
t_00219,p_011,1748.54,2026-08-21T06:37:31,Nirja Bains,withdrawal
t_00220,p_011,465.3,2026-08-19T07:15:18,Caleb Datta,payment
t_00221,p_011,667.15,2026-08-09T08:53:04,Krish Vala,withdrawal
t_00222,p_011,1439.31,2026-08-24T03:14:43,Manan Bhalla,withdrawal
t_00223,p_011,762.73,2026-08-10T12:16:09,Aarna Gole,withdrawal
t_00224,p_011,1189.61,2026-08-09T15:12:30,Anirudh Mander,withdrawal
t_00225,p_011,849.61,2026-08-27T20:56:51,Tarak Sen,withdrawal
t_00226,p_011,1628.77,2026-08-29T15:19:06,Vasatika Garde,withdrawal
t_00227,p_011,1915.1,2026-08-02T06:17:16,Nirja Dhar,payment
t_00228,p_011,940.51,2026-08-11T09:22:54,Yasti Lalla,withdrawal
t_00229,p_011,506.57,2026-08-23T10:05:01,Hema Setty,withdrawal
t_00230,p_011,1422.73,2026-08-28T23:46:38,Victor Radhakrishnan,payment
t_00231,p_011,1507.69,2026-08-04T06:38:35,Kevin Chopra,payment
t_00232,p_011,1372.68,2026-08-08T06:34:11,Samaksh Virk,payment
t_00233,p_011,199.73,2026-08-20T03:19:12,Mason Char,withdrawal
t_00234,p_011,997.57,2026-08-10T21:48:41,Vamakshi Barad,payment
t_00235,p_011,1145.67,2026-08-01T03:43:50,Girik Subramaniam,payment
t_00236,p_011,1876.56,2026-08-13T04:58:24,Aarav Sankar,withdrawal
t_00237,p_011,478.97,2026-08-15T07:45:46,Kamala Bassi,withdrawal
t_00238,p_011,1327.21,2026-08-10T15:14:26,Veer Subramaniam,payment
t_00239,p_011,541.22,2026-08-20T13:39:18,Inaya Chaudhari,payment
t_00240,p_011,432.62,2026-08-28T09:31:31,Krish Kumar,payment
t_00241,p_011,169.05,2026-08-29T00:25:27,Viraj Chacko,withdrawal
t_00242,p_011,453.99,2026-08-24T15:19:53,Nilima Kurian,withdrawal
t_00243,p_011,117.61,2026-08-27T07:15:18,Abdul Amble,payment
t_00244,p_011,736.58,2026-08-28T20:29:14,Zinal Amble,withdrawal
t_00245,p_011,1132.27,2026-08-30T16:09:05,Samesh Mutti,withdrawal
t_00246,p_011,354.98,2026-08-27T16:16:01,Janaki Chhabra,withdrawal
t_00247,p_012,760.76,2026-08-20T14:32:40,Zehaan Mohanty,payment
t_00248,p_012,846.81,2026-08-30T18:50:58,Mitali Devi,payment
t_00249,p_012,523.11,2026-08-22T20:03:28,Victor Sekhon,payment
t_00250,p_012,1959.13,2026-08-23T16:26:57,Harish Kala,withdrawal
t_00251,p_012,1134.45,2026-08-21T04:55:11,Hamsini Ben,withdrawal
t_00252,p_012,570.27,2026-08-25T16:49:10,Lopa Ahluwalia,withdrawal
t_00253,p_012,458.11,2026-08-05T15:41:14,Maanav Sinha,payment
t_00254,p_012,1354.38,2026-08-01T23:11:47,Gaurang Bhatt,payment
t_00255,p_012,227.85,2026-08-08T05:16:47,Tristan Prabhakar,payment
t_00256,p_012,1376.84,2026-08-14T09:26:15,Baljiwan Rajagopalan,payment
t_00257,p_012,184.05,2026-08-08T08:12:30,Bhavini Bhandari,withdrawal
t_00258,p_012,512.81,2026-08-08T00:43:27,Warda Sarna,payment
t_00259,p_012,1987.62,2026-08-05T04:53:51,Saksham Vasa,payment
t_00260,p_012,1489.88,2026-08-25T11:21:57,Robert Bandi,withdrawal
t_00261,p_012,1567.82,2026-08-18T07:46:54,Omkaar Banik,withdrawal
t_00262,p_012,1764.89,2026-08-08T02:34:15,William Acharya,payment
t_00263,p_012,622.79,2026-08-13T09:45:48,Gabriel Majumdar,payment
t_00264,p_012,911.68,2026-08-19T18:42:54,Ira Rana,withdrawal
t_00265,p_012,754.39,2026-08-02T09:45:23,Sai Vasa,withdrawal
t_00266,p_013,1150.13,2026-08-12T09:04:12,Suhani Raval,payment
t_00267,p_013,1435.41,2026-08-20T02:27:31,Advika Gill,payment
t_00268,p_013,924.43,2026-08-15T23:53:52,Yashawini Chhabra,withdrawal
t_00269,p_013,1730.12,2026-08-17T23:25:00,Yahvi Menon,payment
t_00270,p_013,1846.39,2026-08-27T20:14:58,Jackson Varghese,payment
t_00271,p_013,1749.42,2026-08-07T08:13:13,Zashil Savant,withdrawal
t_00272,p_013,1855.9,2026-08-09T03:11:18,Veda Kohli,withdrawal
t_00273,p_013,1170.67,2026-08-27T23:30:15,Tara Sharma,payment
t_00274,p_013,1715.81,2026-08-06T09:08:06,Vasatika Dada,payment
t_00275,p_013,1215.37,2026-08-29T20:15:28,Ekansh Raja,withdrawal
t_00276,p_013,668.63,2026-08-28T20:47:23,Victor Mutti,payment
t_00277,p_013,1713.94,2026-08-18T00:01:15,Ira Varty,withdrawal
t_00278,p_013,1505.52,2026-08-12T12:22:09,Adya Kothari,payment
t_00279,p_013,1951.21,2026-08-16T00:34:15,Girik Rastogi,payment
t_00280,p_013,541.07,2026-08-03T22:20:01,Faqid Gokhale,payment
t_00281,p_013,1561.11,2026-08-11T05:13:36,Dipta Pandya,withdrawal
t_00282,p_013,720.12,2026-08-30T01:37:22,Amruta Goswami,withdrawal
t_00283,p_013,956.05,2026-08-24T12:09:16,Wishi Iyengar,payment
t_00284,p_013,1888.17,2026-08-11T16:11:02,Wyatt Lanka,withdrawal
t_00285,p_013,1213.16,2026-08-06T13:43:52,Veer Jain,withdrawal
t_00286,p_013,1275.37,2026-08-03T13:41:59,Ishani Dugal,payment
t_00287,p_013,255.87,2026-08-22T09:26:17,Jagdish Brar,payment
t_00288,p_013,1589.39,2026-08-12T09:35:59,Abeer Basak,payment
t_00289,p_013,701.69,2026-08-23T04:33:06,Kamya Murty,payment
t_00290,p_013,1891.62,2026-08-03T17:53:40,Anvi Swaminathan,withdrawal
t_00291,p_013,612.56,2026-08-11T19:08:26,Yasti Mammen,payment
t_00292,p_013,918.86,2026-08-03T14:51:14,Tristan Dave,withdrawal
t_00293,p_014,751.83,2026-08-11T10:47:47,Karan Karnik,payment
t_00294,p_014,761.77,2026-08-16T15:12:09,Anamika Keer,payment
t_00295,p_014,1423.85,2026-08-14T03:28:46,Lakshmi Hayre,withdrawal
t_00296,p_014,184.9,2026-08-03T00:21:55,Mason Solanki,payment
t_00297,p_014,751.85,2026-08-01T16:15:40,Patrick Sama,payment
t_00298,p_014,412.27,2026-08-21T07:32:25,Krish Varughese,payment
t_00299,p_014,1148.63,2026-08-16T11:30:56,Vidhi Mital,withdrawal
t_00300,p_014,1921.08,2026-08-17T19:05:28,Champak Rao,payment
t_00301,p_014,1296.54,2026-08-24T22:23:03,Nihal Bhasin,payment
t_00302,p_014,921.06,2026-08-20T05:08:41,Aachal Soni,payment
t_00303,p_014,1777.89,2026-08-23T02:55:10,Shivani Natt,withdrawal
t_00304,p_014,838.79,2026-08-18T18:23:10,Jalsa Parsa,payment
t_00305,p_014,1529.42,2026-08-07T04:09:53,Hemangini Bahri,payment
t_00306,p_014,1619.05,2026-08-18T07:41:25,Jairaj Panchal,payment
t_00307,p_014,474.44,2026-08-11T23:22:15,Owen Mane,payment
t_00308,p_014,1739.01,2026-08-08T20:53:40,Ekta Uppal,withdrawal
t_00309,p_014,1261.49,2026-08-18T21:49:08,Sanya Brar,payment
t_00310,p_014,1706.48,2026-08-11T10:30:20,Bhavini Sheth,payment
t_00311,p_014,1441.38,2026-08-25T09:53:29,Oliver Nazareth,withdrawal
t_00312,p_015,806.5,2026-08-08T12:16:49,Nidhi Bora,payment
t_00313,p_015,1288.65,2026-08-02T13:17:12,Neel Oza,payment
t_00314,p_015,273.28,2026-08-13T21:02:46,Dipta Nadig,payment
t_00315,p_015,1005.93,2026-08-01T00:46:55,Amara Rana,payment
t_00316,p_015,1086.94,2026-08-18T19:26:57,Sai Patil,withdrawal
t_00317,p_015,1421.63,2026-08-01T06:41:11,Odika Ganesh,payment
t_00318,p_015,902.4,2026-08-30T15:28:17,Arin Dass,payment
t_00319,p_015,535.0,2026-08-15T07:56:39,Zayan Buch,payment
t_00320,p_015,294.61,2026-08-22T22:08:58,Ojas Ranganathan,withdrawal
t_00321,p_015,668.59,2026-08-12T00:38:39,Girish Bhatt,withdrawal
t_00322,p_015,1531.0,2026-08-24T04:53:29,Chatura Bal,payment
t_00323,p_015,1386.56,2026-08-20T05:56:05,Fiyaz Chawla,payment
t_00324,p_015,116.1,2026-08-16T21:57:57,Nachiket Chad,payment
t_00325,p_015,1472.62,2026-08-14T04:52:17,Dayamai Karnik,payment
t_00326,p_015,1270.54,2026-08-28T14:19:25,Bhanumati Savant,withdrawal
t_00327,p_015,264.71,2026-08-26T19:10:22,Karan Vyas,payment
t_00328,p_015,334.0,2026-08-05T04:48:34,Ayush Banerjee,withdrawal
t_00329,p_015,915.84,2026-08-11T13:06:20,Eshana Soni,payment
t_00330,p_015,1324.78,2026-08-08T10:24:22,Anita Saxena,payment
t_00331,p_015,1240.01,2026-08-17T14:26:44,Peter Shan,withdrawal
t_00332,p_015,1411.9,2026-08-24T08:51:29,Dayita Palan,withdrawal
t_00333,p_015,1253.16,2026-08-07T03:55:15,Utkarsh Chakraborty,payment
t_00334,p_015,661.53,2026-08-23T10:26:50,Darika Pau,payment
t_00335,p_015,1608.18,2026-08-24T12:20:13,Abha Dugal,payment
t_00336,p_015,314.21,2026-08-15T20:19:08,Advaith Acharya,withdrawal
t_00337,p_015,234.92,2026-08-20T03:25:09,Hemangini Mangat,payment
t_00338,p_016,1628.24,2026-08-06T09:07:40,Abhiram Swamy,payment
t_00339,p_016,230.96,2026-08-29T14:56:13,Chandani Andra,withdrawal
t_00340,p_016,1569.7,2026-08-26T23:32:35,Brinda Kashyap,withdrawal
t_00341,p_016,1150.87,2026-08-10T19:39:23,Kashvi Gulati,payment
t_00342,p_016,654.03,2026-08-12T01:37:18,Rajeshri Rana,withdrawal
t_00343,p_016,560.91,2026-08-23T04:29:40,Nihal Ramakrishnan,withdrawal
t_00344,p_016,1037.39,2026-08-18T18:01:02,Thomas Lall,payment
t_00345,p_016,1138.46,2026-08-22T23:22:24,Pahal Khatri,payment
t_00346,p_016,1871.56,2026-08-05T12:24:28,Bhavani Wali,payment
t_00347,p_016,758.21,2026-08-07T23:45:30,Nitara Guha,payment
t_00348,p_016,102.78,2026-08-29T12:42:46,Qabil Deshpande,withdrawal
t_00349,p_016,1481.71,2026-08-26T11:17:03,Indrajit Shah,payment
t_00350,p_016,1967.92,2026-08-07T03:44:23,Anita Swamy,withdrawal
t_00351,p_016,213.8,2026-08-15T18:15:38,Ekani Bahl,payment
t_00352,p_016,276.75,2026-08-22T08:23:23,Chandran Warrior,payment
t_00353,p_016,1087.54,2026-08-27T22:02:49,Quincy Chaudry,withdrawal
t_00354,p_017,1777.28,2026-08-15T23:12:07,Lekha Savant,withdrawal
t_00355,p_017,631.57,2026-08-02T19:54:17,Bahadurjit Issac,payment
t_00356,p_017,1321.04,2026-08-13T13:50:56,Girindra Verma,payment
t_00357,p_017,1624.12,2026-08-19T22:08:35,Urvashi Ramachandran,payment
t_00358,p_017,1585.64,2026-08-30T16:22:14,Ekantika Dutt,withdrawal
t_00359,p_017,1584.73,2026-08-15T09:22:22,Jason Kulkarni,withdrawal
t_00360,p_017,1054.55,2026-08-28T09:07:38,Chanchal Issac,withdrawal
t_00361,p_017,149.52,2026-08-09T02:42:49,Charles Kamdar,payment
t_00362,p_017,1640.31,2026-08-01T21:05:54,Warinder Saraf,withdrawal
t_00363,p_017,1983.91,2026-08-02T18:11:08,Alexander Ganesh,withdrawal
t_00364,p_017,1999.25,2026-08-24T00:07:34,Jagdish Randhawa,payment
t_00365,p_017,1348.04,2026-08-04T00:05:48,Aditya Basak,withdrawal
t_00366,p_017,1603.35,2026-08-17T00:15:23,Mohammed Prabhu,payment
t_00367,p_017,1900.82,2026-08-23T22:06:56,Yuvraj Dugar,withdrawal
t_00368,p_017,1694.52,2026-08-11T15:27:33,Gavin Nigam,payment
t_00369,p_017,1225.79,2026-08-06T06:47:32,Darpan Parekh,withdrawal
t_00370,p_017,153.59,2026-08-28T10:03:56,Hredhaan Dass,withdrawal
t_00371,p_017,1170.85,2026-08-29T10:14:32,Viraj Nadig,payment
t_00372,p_017,1639.76,2026-08-26T02:25:18,Reva Hans,withdrawal
t_00373,p_017,433.56,2026-08-17T06:19:46,Krishna Parmar,payment
t_00374,p_017,541.98,2026-08-03T16:59:07,Zashil Baral,payment
t_00375,p_017,1008.18,2026-08-01T14:20:53,Raksha Menon,withdrawal
t_00376,p_017,482.78,2026-08-28T12:53:06,Ranveer Grover,payment
t_00377,p_017,437.17,2026-08-11T05:20:47,Ekiya Sidhu,withdrawal
t_00378,p_018,493.21,2026-08-03T21:49:50,Sudiksha Acharya,withdrawal
t_00379,p_018,999.78,2026-08-30T07:28:53,Qasim Bahl,payment
t_00380,p_018,855.19,2026-08-10T06:00:52,William Nagi,withdrawal
t_00381,p_018,603.51,2026-08-27T20:18:42,Lila Gupta,withdrawal
t_00382,p_018,1782.44,2026-08-06T13:06:52,Mitesh Mandal,withdrawal
t_00383,p_018,184.77,2026-08-06T14:20:22,Nimrat Nagy,withdrawal
t_00384,p_018,529.86,2026-08-14T22:50:30,Gopal Virk,withdrawal
t_00385,p_018,387.15,2026-08-17T22:15:27,Caleb Dayal,payment
t_00386,p_018,753.2,2026-08-03T13:42:33,Azad Jaggi,withdrawal
t_00387,p_018,1220.48,2026-08-30T02:54:28,Vedika Handa,payment
t_00388,p_018,1654.97,2026-08-26T05:22:26,Azad Rama,withdrawal
t_00389,p_018,1405.43,2026-08-29T23:15:07,Aahana Bawa,withdrawal
t_00390,p_018,547.72,2026-08-18T04:21:15,Timothy Bobal,withdrawal
t_00391,p_018,1815.28,2026-08-03T08:50:51,Sathvik Swamy,payment
t_00392,p_018,1810.86,2026-08-16T01:30:47,Upadhriti Bhat,payment
t_00393,p_018,1538.66,2026-08-04T14:36:10,Ojasvi Pillay,payment
t_00394,p_018,417.61,2026-08-29T11:19:27,Amaira Wadhwa,payment
t_00395,p_018,339.75,2026-08-25T06:05:30,Ekavir Modi,withdrawal
t_00396,p_018,1397.94,2026-08-03T08:25:31,Tarak Venkataraman,payment
t_00397,p_018,1291.73,2026-08-30T22:02:01,Harrison Kashyap,withdrawal
t_00398,p_018,1481.5,2026-08-10T14:13:10,Ranveer Hans,payment
t_00399,p_019,1664.66,2026-08-09T05:15:49,Indira Murty,withdrawal
t_00400,p_019,335.36,2026-08-20T01:29:42,Kamya Sachar,payment
t_00401,p_019,1028.69,2026-08-08T06:11:43,Ekiya Khosla,withdrawal
t_00402,p_019,1753.91,2026-08-06T07:51:36,Keya Kumar,withdrawal
t_00403,p_019,1691.54,2026-08-11T07:51:33,Sneha Sem,withdrawal
t_00404,p_019,1408.82,2026-08-23T11:15:07,Aadi Banerjee,withdrawal
t_00405,p_019,194.34,2026-08-01T19:45:51,Amol Vasa,payment
t_00406,p_019,1330.02,2026-08-26T17:07:12,Chasmum Ahuja,payment
t_00407,p_019,878.06,2026-08-09T01:44:24,Tristan Kala,payment
t_00408,p_019,1937.56,2026-08-26T22:32:00,Anthony Majumdar,payment
t_00409,p_019,351.4,2026-08-15T05:20:59,Girindra Barad,payment
t_00410,p_019,116.08,2026-08-19T00:49:19,Ishani Dugal,withdrawal
t_00411,p_019,1891.71,2026-08-19T06:00:27,Alka Peri,withdrawal
t_00412,p_019,815.3,2026-08-13T17:08:27,Viraj Kunda,withdrawal
t_00413,p_019,514.6,2026-08-14T18:28:42,George Ratta,withdrawal
t_00414,p_019,1666.19,2026-08-21T07:34:52,Faras Nair,withdrawal
t_00415,p_019,113.96,2026-08-18T12:49:50,Oscar Sura,withdrawal
t_00416,p_019,1228.17,2026-08-17T20:14:56,Charita Barad,withdrawal
t_00417,p_019,305.4,2026-08-09T22:54:09,Farhan Bhalla,payment
t_00418,p_019,625.32,2026-08-11T02:07:27,Ijaya Saraf,withdrawal
t_00419,p_019,596.18,2026-08-26T20:16:26,Jai Karan,withdrawal
t_00420,p_020,1812.63,2026-08-11T06:46:03,Tristan Sankaran,withdrawal
t_00421,p_020,413.28,2026-08-23T12:04:59,Meera Divan,withdrawal
t_00422,p_020,526.21,2026-08-01T13:46:11,Gayathri Butala,payment
t_00423,p_020,141.64,2026-08-07T08:03:25,Chandran Rastogi,payment
t_00424,p_020,1451.11,2026-08-04T16:40:35,Frederick Rastogi,payment
t_00425,p_020,1316.61,2026-08-12T06:08:18,Kalpit Deshmukh,payment
t_00426,p_020,191.12,2026-08-18T19:37:31,Rudra Sura,payment
t_00427,p_020,137.51,2026-08-20T14:34:07,Rohan Viswanathan,payment
t_00428,p_020,822.48,2026-08-13T12:04:42,Xavier Bora,withdrawal
t_00429,p_020,390.94,2026-08-15T05:33:55,Qushi Naik,payment
t_00430,p_020,1357.16,2026-08-10T00:48:13,Isaiah Sachdev,withdrawal
t_00431,p_020,1431.38,2026-08-19T16:24:51,Jasmit Pall,withdrawal
t_00432,p_020,299.34,2026-08-25T22:04:11,Ekani Padmanabhan,payment
t_00433,p_020,1591.04,2026-08-09T11:32:55,Dalaja Gara,withdrawal
t_00434,p_020,479.52,2026-08-06T23:01:32,Riya Dhingra,withdrawal
t_00435,p_020,1948.93,2026-08-25T22:40:44,Chaitanya Kaur,withdrawal
t_00436,p_020,661.17,2026-08-22T02:28:28,Kashvi Dugal,payment
t_00437,p_020,1829.68,2026-08-17T10:39:35,Isaiah Bhagat,withdrawal
t_00438,p_020,105.2,2026-08-10T22:02:04,Manbir Mani,payment
t_00439,p_021,1034.13,2026-08-03T05:54:10,Hemal Choudhry,payment
t_00440,p_021,628.5,2026-08-10T22:14:39,Shivani Sinha,payment
t_00441,p_021,819.41,2026-08-17T12:21:24,Garima Kadakia,payment
t_00442,p_021,943.96,2026-08-03T08:45:28,Samar Virk,withdrawal
t_00443,p_021,1047.07,2026-08-03T15:22:27,Vasudha Dhaliwal,withdrawal
t_00444,p_021,1045.01,2026-08-04T13:28:08,Krisha Vyas,payment
t_00445,p_021,883.44,2026-08-04T01:54:11,Aadhya Garde,payment
t_00446,p_021,1604.39,2026-08-25T18:39:15,Bhanumati Iyer,withdrawal
t_00447,p_021,1168.43,2026-08-27T16:52:47,Chatresh Shroff,withdrawal
t_00448,p_021,790.35,2026-08-29T12:15:20,Ekalinga Rama,payment
t_00449,p_021,1704.2,2026-08-25T11:56:37,Jagvi Chokshi,withdrawal
t_00450,p_021,1277.54,2026-08-17T19:18:30,Brinda Raju,withdrawal
t_00451,p_021,790.26,2026-08-22T11:59:37,Lajita Trivedi,withdrawal
t_00452,p_021,1542.71,2026-08-04T10:05:48,Diya Sundaram,payment
t_00453,p_021,774.76,2026-08-01T01:34:54,Quincy Issac,withdrawal
t_00454,p_021,810.39,2026-08-17T10:20:13,Anthony Baral,payment
t_00455,p_021,411.9,2026-08-02T08:57:36,Dalaja Nath,payment
t_00456,p_021,1510.77,2026-08-25T15:43:25,Maya Dugar,withdrawal
t_00457,p_021,1260.62,2026-08-04T05:00:44,Idika Pandey,payment
t_00458,p_021,1719.17,2026-08-04T14:56:13,Chasmum Keer,payment
t_00459,p_022,1234.07,2026-08-28T20:36:44,Devika Narayan,withdrawal
t_00460,p_022,1188.09,2026-08-15T17:11:48,Karan Jhaveri,withdrawal
t_00461,p_022,1444.59,2026-08-03T04:28:27,Samaksh Devi,payment
t_00462,p_022,1089.15,2026-08-29T17:01:52,Krishna Sani,payment
t_00463,p_022,1120.37,2026-08-13T11:28:13,Nakul Nadkarni,payment
t_00464,p_022,1778.45,2026-08-11T11:34:12,Jagat Gour,withdrawal
t_00465,p_022,657.79,2026-08-10T22:22:04,Madhav Balan,withdrawal
t_00466,p_022,1665.01,2026-08-30T21:34:27,Odika Sabharwal,payment
t_00467,p_022,757.41,2026-08-04T10:35:59,Saanvi Mahal,payment
t_00468,p_022,1266.03,2026-08-28T03:14:14,Raghav Chhabra,payment
t_00469,p_022,1396.85,2026-08-29T18:24:20,Qasim Bal,withdrawal
t_00470,p_022,1612.79,2026-08-12T10:35:17,Vihaan Kata,payment
t_00471,p_022,1126.45,2026-08-12T13:49:50,Atharv Parmer,withdrawal
t_00472,p_022,1082.05,2026-08-01T17:47:17,Vansha Desai,withdrawal
t_00473,p_022,1066.6,2026-08-16T10:18:09,Kashvi Gour,withdrawal
t_00474,p_022,1806.74,2026-08-02T07:34:23,Vyanjana Som,payment
t_00475,p_022,256.46,2026-08-10T14:37:30,Nihal Hans,payment
t_00476,p_022,1916.92,2026-08-06T00:31:27,Bachittar Rege,payment
t_00477,p_022,500.48,2026-08-19T19:23:30,Anamika Sachar,payment
t_00478,p_023,524.28,2026-08-11T23:23:21,Samaksh Jayaraman,withdrawal
t_00479,p_023,1052.13,2026-08-05T00:23:40,Peter Sarna,payment
t_00480,p_023,1054.12,2026-08-12T21:41:07,Ekta Shankar,payment
t_00481,p_023,1632.43,2026-08-26T10:32:48,Prisha Ravel,payment
t_00482,p_023,366.7,2026-08-23T17:11:18,Lajita Munshi,payment
t_00483,p_023,1902.55,2026-08-06T08:59:04,Balvan Verma,payment
t_00484,p_023,1018.66,2026-08-23T01:51:44,Siya Shan,withdrawal
t_00485,p_023,1546.8,2026-08-02T05:06:08,Yatan Venkataraman,payment
t_00486,p_023,801.93,2026-08-02T21:15:36,Balveer Ram,payment
t_00487,p_023,1083.98,2026-08-21T01:22:53,Ranveer Manne,withdrawal
t_00488,p_023,1844.01,2026-08-12T15:25:37,Mitali Modi,payment
t_00489,p_023,1332.2,2026-08-02T04:43:52,Triya Ganesan,payment
t_00490,p_023,1090.61,2026-08-22T02:41:24,Chaitaly Bhagat,withdrawal
t_00491,p_023,600.3,2026-08-26T01:06:28,Ubika Seth,payment
t_00492,p_023,819.19,2026-08-12T07:11:41,Xiti Chowdhury,payment
t_00493,p_023,815.02,2026-08-16T11:59:50,Krishna Ramaswamy,payment
t_00494,p_023,770.51,2026-08-16T11:47:15,Ekiya Seshadri,withdrawal
t_00495,p_023,1016.01,2026-08-15T14:32:25,Praneel Setty,payment
t_00496,p_023,364.04,2026-08-16T01:19:21,Suhani Chana,payment
t_00497,p_024,1133.09,2026-08-18T22:46:13,Ekiya Gade,withdrawal
t_00498,p_024,1447.38,2026-08-06T16:05:42,Gavin Comar,payment
t_00499,p_024,323.87,2026-08-18T08:09:02,Janani Chada,payment
t_00500,p_024,490.3,2026-08-12T06:01:17,Yasti Dutta,withdrawal
t_00501,p_024,302.51,2026-08-13T06:22:06,Lajita Bassi,withdrawal
t_00502,p_024,581.9,2026-08-20T13:08:04,Gautami Doctor,withdrawal
t_00503,p_024,1262.57,2026-08-17T22:33:45,Maanav Gola,withdrawal
t_00504,p_024,885.13,2026-08-23T15:34:47,Oni Morar,withdrawal
t_00505,p_024,1162.28,2026-08-06T08:40:41,Sanaya Mani,withdrawal
t_00506,p_024,682.64,2026-08-08T14:43:11,Jacob Deep,withdrawal
t_00507,p_024,856.45,2026-08-24T05:25:12,Aarush Kulkarni,payment
t_00508,p_024,1352.64,2026-08-26T15:35:57,Tara Tank,payment
t_00509,p_024,1428.69,2026-08-14T09:32:53,Abdul Tak,payment
t_00510,p_024,1065.85,2026-08-04T00:12:02,Teerth Soni,withdrawal
t_00511,p_024,1266.65,2026-08-25T00:36:52,Nimrat Sathe,payment
t_00512,p_024,1932.68,2026-08-05T19:43:52,Abeer Konda,payment
t_00513,p_024,1664.19,2026-08-25T03:08:45,Sarthak Bawa,withdrawal
t_00514,p_024,927.22,2026-08-28T18:37:13,Manbir Bhakta,payment
t_00515,p_024,804.59,2026-08-08T21:25:34,Balhaar Dhillon,payment
t_00516,p_024,1868.3,2026-08-22T17:38:10,Chanchal Narula,withdrawal
t_00517,p_024,1089.91,2026-08-19T10:03:18,Chandran Chopra,payment
t_00518,p_024,1658.43,2026-08-29T08:54:55,Pranav Edwin,withdrawal
t_00519,p_024,483.24,2026-08-14T04:03:35,Peter Shah,withdrawal
t_00520,p_024,1589.52,2026-08-06T20:13:02,Balendra Chander,payment
t_00521,p_025,355.5,2026-08-13T15:29:41,Kai Taneja,withdrawal
t_00522,p_025,670.06,2026-08-24T13:26:22,Waida Gole,payment
t_00523,p_025,1412.03,2026-08-12T22:50:57,Bina Hari,payment
t_00524,p_025,583.15,2026-08-07T11:08:11,Jagat Bajwa,payment
t_00525,p_025,735.85,2026-08-14T11:53:43,Jacob Johal,withdrawal
t_00526,p_025,1159.23,2026-08-11T19:25:14,Odika Bath,withdrawal
t_00527,p_025,882.35,2026-08-11T07:46:51,Inaya Kala,withdrawal
t_00528,p_025,1929.92,2026-08-27T00:30:19,Saksham Manda,payment
t_00529,p_025,1334.74,2026-08-18T07:20:04,Ekansh Morar,payment
t_00530,p_025,640.76,2026-08-30T09:08:55,Yashawini Naik,withdrawal
t_00531,p_025,1026.24,2026-08-21T04:41:55,Ishaan Nath,withdrawal
t_00532,p_025,824.03,2026-08-27T16:32:07,Meghana Balakrishnan,withdrawal
t_00533,p_025,1917.53,2026-08-14T21:54:05,Rishi Narayanan,payment
t_00534,p_025,1864.28,2026-08-20T05:13:05,Varenya Som,withdrawal
t_00535,p_025,1186.11,2026-08-19T22:31:00,Laban Subramaniam,payment
t_00536,p_025,752.89,2026-08-03T08:57:38,Triveni Yadav,withdrawal
t_00537,p_025,653.58,2026-08-10T12:09:08,Turvi Sachdev,withdrawal
t_00538,p_025,851.37,2026-08-19T03:52:37,Chandani Mutti,withdrawal
t_00539,p_025,1883.66,2026-08-24T10:18:04,Sathvik Narula,withdrawal
t_00540,p_025,449.38,2026-08-13T10:04:19,Dominic Dixit,payment
t_00541,p_026,1721.62,2026-08-13T09:17:26,Darika Murty,payment
t_00542,p_026,309.68,2026-08-05T02:22:09,Anita Sachdev,withdrawal
t_00543,p_026,617.05,2026-08-19T12:45:54,Watika Khanna,withdrawal
t_00544,p_026,136.85,2026-08-06T15:12:30,Siya Mittal,payment
t_00545,p_026,142.05,2026-08-30T02:11:44,Chasmum Gill,payment
t_00546,p_026,337.57,2026-08-09T11:07:20,Kavya Barad,withdrawal
t_00547,p_026,542.34,2026-08-22T19:31:01,George Sawhney,payment
t_00548,p_026,512.66,2026-08-01T10:36:06,Vasudha Tella,withdrawal
t_00549,p_026,1618.98,2026-08-10T08:20:06,Ranveer Oak,withdrawal
t_00550,p_026,1603.71,2026-08-14T21:51:10,Dayita Narang,withdrawal
t_00551,p_026,1526.08,2026-08-03T09:45:38,Guneet Varty,payment
t_00552,p_026,1573.74,2026-08-02T16:20:51,Samesh Bansal,payment
t_00553,p_026,445.05,2026-08-17T07:05:53,Lila Vig,withdrawal
t_00554,p_026,1673.68,2026-08-25T12:25:13,Aayush Mukhopadhyay,payment
t_00555,p_026,1457.9,2026-08-30T05:42:39,Gagan Nath,withdrawal
t_00556,p_026,941.63,2026-08-24T03:16:56,Chakradhar Chauhan,payment
t_00557,p_026,1497.11,2026-08-06T23:24:34,Arin Muni,payment
t_00558,p_026,1966.02,2026-08-16T15:13:12,Ekani Iyer,withdrawal
t_00559,p_026,1926.31,2026-08-12T16:10:06,Bhavini Malhotra,withdrawal
t_00560,p_026,1483.65,2026-08-05T18:12:00,Ridhi Dalal,payment
t_00561,p_026,1313.19,2026-08-08T14:23:06,Manthan Dugar,payment
t_00562,p_026,198.97,2026-08-11T19:30:25,Ishwar Aurora,payment
t_00563,p_026,548.34,2026-08-30T04:45:26,Samuel Palla,withdrawal
t_00564,p_027,1145.15,2026-08-28T01:47:21,Sachi Bedi,withdrawal
t_00565,p_027,883.45,2026-08-26T08:17:41,Ayush Sinha,withdrawal
t_00566,p_027,714.56,2026-08-25T18:49:53,Hitesh Rajagopal,payment
t_00567,p_027,506.46,2026-08-17T21:27:51,Gabriel Sandhu,withdrawal
t_00568,p_027,959.57,2026-08-11T19:12:22,Praneel Sehgal,withdrawal
t_00569,p_027,165.86,2026-08-01T00:08:27,Devika Natarajan,withdrawal
t_00570,p_027,1083.46,2026-08-18T20:56:57,Farhan Shroff,withdrawal
t_00571,p_027,1970.35,2026-08-01T04:43:46,Girik Sidhu,payment
t_00572,p_027,141.23,2026-08-26T16:07:07,Tamanna Mukherjee,withdrawal
t_00573,p_027,1071.42,2026-08-28T13:45:38,Upma Kata,payment
t_00574,p_027,974.7,2026-08-03T19:53:12,Maanas Kuruvilla,payment
t_00575,p_027,797.46,2026-08-05T03:39:14,Manya Goswami,payment
t_00576,p_027,1641.04,2026-08-07T23:45:20,Ekta Setty,payment
t_00577,p_027,1181.22,2026-08-18T02:45:02,Ayushman Bhattacharyya,payment
t_00578,p_027,1474.8,2026-08-23T00:40:17,Isaiah Panchal,withdrawal
t_00579,p_027,1668.84,2026-08-06T04:29:23,Triya Garde,payment
t_00580,p_027,670.75,2026-08-18T20:33:59,Ijaya Datta,withdrawal
t_00581,p_027,206.25,2026-08-03T08:30:13,Nidra Chhabra,withdrawal
t_00582,p_027,1652.57,2026-08-11T10:30:35,Ekavir Mittal,withdrawal
t_00583,p_027,329.03,2026-08-28T21:46:37,Nandini Sachdev,payment
t_00584,p_027,1714.01,2026-08-23T10:19:43,Yagnesh Dutt,payment
t_00585,p_027,1301.17,2026-08-20T00:23:55,Leena Bhatti,payment
t_00586,p_027,178.25,2026-08-10T03:26:38,Sathvik Sankar,payment
t_00587,p_027,1425.76,2026-08-10T19:19:07,Hema Keer,payment
t_00588,p_027,1490.0,2026-08-02T12:22:27,Faras Sur,withdrawal
t_00589,p_027,1530.4,2026-08-30T03:08:56,Ubika Nanda,payment
t_00590,p_028,687.1,2026-08-26T21:03:47,Radhika Padmanabhan,payment
t_00591,p_028,1827.1,2026-08-13T21:38:46,Abhiram Uppal,payment
t_00592,p_028,1173.2,2026-08-20T16:29:12,Joshua Menon,payment
t_00593,p_028,1158.95,2026-08-10T12:35:50,Kala Bera,payment
t_00594,p_028,1695.09,2026-08-06T12:34:38,Jagrati Choudhary,payment
t_00595,p_028,1554.33,2026-08-22T19:29:50,Azaan Keer,withdrawal
t_00596,p_028,676.36,2026-08-29T20:03:40,Meera Nadkarni,withdrawal
t_00597,p_028,457.07,2026-08-05T13:24:32,Nidra Raj,payment
t_00598,p_028,1548.65,2026-08-06T13:01:02,Siddharth Ghose,withdrawal
t_00599,p_028,1263.49,2026-08-19T04:02:06,Liam Guha,payment
t_00600,p_028,149.56,2026-08-07T22:15:24,Jagvi Sahni,payment
t_00601,p_028,1005.54,2026-08-21T15:27:42,Bhavya Dass,withdrawal
t_00602,p_028,810.52,2026-08-22T08:39:13,Advay Bora,withdrawal
t_00603,p_028,361.27,2026-08-15T17:50:26,Maanas Sur,payment
t_00604,p_028,876.32,2026-08-07T18:54:59,Laban Chad,payment
t_00605,p_028,1905.38,2026-08-28T18:18:47,Ojasvi Shah,payment
t_00606,p_028,1977.66,2026-08-23T06:30:14,Pranit Sha,payment
t_00607,p_028,1861.5,2026-08-02T23:37:05,Shivani Rajagopalan,withdrawal
t_00608,p_028,1030.89,2026-08-27T00:19:58,Upkaar Grewal,withdrawal
t_00609,p_028,1786.42,2026-08-27T00:04:40,Abhimanyu Tara,withdrawal
t_00610,p_028,179.47,2026-08-13T03:30:14,Yachana Luthra,withdrawal
t_00611,p_029,1218.84,2026-08-08T03:16:20,Fariq Dhar,withdrawal
t_00612,p_029,939.56,2026-08-14T14:41:30,Udyati Varughese,payment
t_00613,p_029,1139.95,2026-08-08T08:11:36,Gaurang Korpal,payment
t_00614,p_029,381.69,2026-08-02T11:13:17,Faras Zacharia,withdrawal
t_00615,p_029,1722.28,2026-08-02T02:26:20,Chatresh Oza,withdrawal
t_00616,p_029,266.64,2026-08-10T22:23:59,Upasna Setty,payment
t_00617,p_029,438.67,2026-08-13T12:12:32,Garima Sama,withdrawal
t_00618,p_029,1413.88,2026-08-19T07:59:04,Chaitaly Mann,payment
t_00619,p_029,1523.74,2026-08-29T23:43:52,Balendra Modi,withdrawal
t_00620,p_029,276.94,2026-08-28T22:39:55,Darsh Solanki,withdrawal
t_00621,p_029,1805.31,2026-08-10T16:25:54,Charan Manne,payment
t_00622,p_029,1702.29,2026-08-23T18:04:41,Bhavini Sundaram,payment
t_00623,p_029,355.64,2026-08-09T18:50:22,Jonathan Tiwari,withdrawal
t_00624,p_029,886.14,2026-08-10T21:01:48,Arunima Krishnan,payment
t_00625,p_029,1262.9,2026-08-21T20:59:50,Avni Maharaj,payment
t_00626,p_029,1960.76,2026-08-18T03:23:03,Akshay Choudhury,payment
t_00627,p_029,1408.44,2026-08-15T12:14:14,Matthew Sekhon,withdrawal
t_00628,p_029,1710.82,2026-08-13T19:28:42,Parth Lal,withdrawal
t_00629,p_029,1990.55,2026-08-16T18:16:54,Vedhika Golla,withdrawal
t_00630,p_029,1267.15,2026-08-28T19:30:57,Hemal Chad,withdrawal
t_00631,p_029,1300.53,2026-08-16T14:11:17,Mitesh Tandon,withdrawal
t_00632,p_029,1778.96,2026-08-25T05:44:45,Leela Khanna,payment
t_00633,p_029,1960.59,2026-08-22T06:10:57,Oliver Kade,payment
t_00634,p_029,983.28,2026-08-04T13:06:32,Chatura Lalla,payment
t_00635,p_029,493.93,2026-08-23T02:58:38,Charles Ganesh,withdrawal
t_00636,p_029,734.21,2026-08-13T10:06:34,Mohini Soni,payment
t_00637,p_029,482.26,2026-08-01T08:08:02,Vamakshi Walia,withdrawal
t_00638,p_029,228.89,2026-08-08T15:10:50,Ladli Ramakrishnan,withdrawal
t_00639,p_029,715.46,2026-08-16T04:48:59,Adweta Dhillon,payment
t_00640,p_029,733.24,2026-08-04T09:57:44,Advik Mani,withdrawal
t_00641,p_030,1143.79,2026-08-17T06:37:14,Anamika Loke,withdrawal
t_00642,p_030,1438.27,2026-08-05T05:55:15,Aadhya Raman,withdrawal
t_00643,p_030,425.42,2026-08-18T05:20:22,Wyatt Hayer,withdrawal
t_00644,p_030,743.6,2026-08-19T09:32:57,Pranit Munshi,withdrawal
t_00645,p_030,155.09,2026-08-02T12:31:22,Abhiram Bir,payment
t_00646,p_030,202.22,2026-08-04T04:16:02,Nisha Chaudhari,withdrawal
t_00647,p_030,1438.89,2026-08-12T18:10:48,Sanaya Panchal,withdrawal
t_00648,p_030,693.64,2026-08-19T11:44:49,Bhanumati Krishnamurthy,payment
t_00649,p_030,1374.65,2026-08-22T09:17:13,Bahadurjit Bajwa,payment
t_00650,p_030,1535.91,2026-08-30T05:03:03,Dakshesh Kalla,withdrawal
t_00651,p_030,276.54,2026-08-18T00:48:29,Jagdish Chadha,withdrawal
t_00652,p_030,689.74,2026-08-03T22:01:45,Keya Goyal,withdrawal
t_00653,p_030,1900.15,2026-08-15T02:47:34,Qarin Kulkarni,payment
t_00654,p_030,1272.19,2026-08-26T19:59:21,Unni Borra,withdrawal
t_00655,p_030,1429.27,2026-08-12T18:17:43,Aradhana Sane,withdrawal
t_00656,p_030,1776.57,2026-08-24T15:55:14,Aarini Edwin,withdrawal
t_00657,p_030,224.19,2026-08-15T15:00:17,Aradhana Bhatia,payment
t_00658,p_030,976.36,2026-08-11T13:02:14,Lipika Natarajan,payment
t_00659,p_030,762.37,2026-08-09T11:13:31,Aarna Lanka,payment
t_00660,p_030,870.8,2026-08-16T05:43:25,Ridhi Boase,payment
t_00661,p_030,1333.96,2026-08-10T18:37:34,Sai Ramaswamy,withdrawal
t_00662,p_031,1361.1,2026-08-19T22:04:38,Netra Boase,payment
t_00663,p_031,1124.47,2026-08-21T12:31:59,Aarush Rajagopalan,withdrawal
t_00664,p_031,1816.81,2026-08-19T09:23:17,Jairaj Wason,payment
t_00665,p_031,1074.06,2026-08-15T01:35:07,Gauri Mitter,withdrawal
t_00666,p_031,729.88,2026-08-18T05:15:18,Christopher Chana,withdrawal
t_00667,p_031,1616.62,2026-08-29T19:37:06,Harini Buch,withdrawal
t_00668,p_031,1420.6,2026-08-06T00:36:21,Bimala Jain,withdrawal
t_00669,p_031,1171.04,2026-08-22T19:25:10,Balveer Rajagopalan,payment
t_00670,p_031,1198.47,2026-08-19T21:05:45,Chandani Ramakrishnan,payment
t_00671,p_031,654.33,2026-08-20T16:33:01,Jagrati Sur,payment
t_00672,p_031,256.77,2026-08-09T14:30:26,Raksha Gupta,payment
t_00673,p_031,627.91,2026-08-26T13:02:26,Balendra Hans,payment
t_00674,p_031,622.91,2026-08-19T11:22:27,William Suresh,withdrawal
t_00675,p_031,311.94,2026-08-01T10:13:34,Dev Zachariah,payment
t_00676,p_031,1504.04,2026-08-28T07:17:40,Xalak Walla,withdrawal
t_00677,p_031,433.26,2026-08-12T02:13:55,Amol Bansal,payment
t_00678,p_031,1618.81,2026-08-15T13:08:28,Daksh Nazareth,payment
t_00679,p_031,260.36,2026-08-11T06:51:02,Nidra Dani,payment
t_00680,p_031,1661.28,2026-08-18T20:47:30,Tara Yadav,withdrawal
t_00681,p_031,884.6,2026-08-23T13:59:17,Viraj Bora,withdrawal
t_00682,p_031,936.35,2026-08-08T03:19:19,Lohit Suresh,payment
t_00683,p_031,1495.29,2026-08-07T07:49:00,Urishilla Bath,withdrawal
t_00684,p_031,602.35,2026-08-02T15:06:52,Kalpit Atwal,payment
t_00685,p_031,981.63,2026-08-02T13:49:00,Chandresh Mohanty,withdrawal
t_00686,p_031,1517.69,2026-08-10T00:59:03,Tanmayi Garde,payment
t_00687,p_031,1440.65,2026-08-12T09:27:23,Hitesh Comar,withdrawal
t_00688,p_031,1107.84,2026-08-08T21:05:24,Thomas Bhatnagar,withdrawal
t_00689,p_031,1861.72,2026-08-01T08:32:28,Pooja Nazareth,withdrawal
t_00690,p_031,699.81,2026-08-12T11:02:34,Ekta Dara,payment
t_00691,p_031,1109.46,2026-08-03T22:06:08,Ekanta Kala,withdrawal
t_00692,p_032,1876.58,2026-08-18T00:24:56,Samuel Dhar,withdrawal
t_00693,p_032,675.37,2026-08-11T00:04:35,Shravya Sabharwal,payment
t_00694,p_032,1921.77,2026-08-19T23:14:10,Owen Barad,payment
t_00695,p_032,1721.35,2026-08-11T23:03:21,Xalak Chakrabarti,withdrawal
t_00696,p_032,973.31,2026-08-03T09:55:43,Ijaya Sahota,withdrawal
t_00697,p_032,435.57,2026-08-20T10:24:38,Warinder Handa,payment
t_00698,p_032,1355.39,2026-08-30T00:36:33,Girish Pathak,withdrawal
t_00699,p_032,1803.28,2026-08-21T21:02:06,Ucchal Joshi,withdrawal
t_00700,p_032,1781.91,2026-08-15T14:16:57,Chatresh Hari,withdrawal
t_00701,p_032,365.89,2026-08-23T01:26:00,Manthan Som,payment
t_00702,p_032,1993.13,2026-08-01T18:15:45,Patrick Dutta,payment
t_00703,p_032,219.69,2026-08-15T16:14:50,Chatura Patla,withdrawal
t_00704,p_032,1933.41,2026-08-15T23:46:21,Shaurya Saran,withdrawal
t_00705,p_032,131.19,2026-08-29T23:56:00,Gaurika Setty,withdrawal
t_00706,p_032,1596.78,2026-08-02T16:21:33,Hemang Ben,payment
t_00707,p_032,502.19,2026-08-13T03:57:56,Nakul Balakrishnan,withdrawal
t_00708,p_032,1753.38,2026-08-29T04:51:52,Yutika D’Alia,payment
t_00709,p_032,542.67,2026-08-23T05:33:25,Wahab Saxena,payment
t_00710,p_033,320.52,2026-08-15T13:14:39,Nitara Iyengar,payment
t_00711,p_033,1226.14,2026-08-22T15:24:36,Thomas Borah,withdrawal
t_00712,p_033,1519.46,2026-08-13T13:43:39,Vedhika Bhagat,withdrawal
t_00713,p_033,309.25,2026-08-07T21:38:43,Maanav Kalita,payment
t_00714,p_033,1501.72,2026-08-03T22:36:22,Pranav Ram,payment
t_00715,p_033,519.26,2026-08-12T06:22:59,Laban Shankar,withdrawal
t_00716,p_033,203.24,2026-08-18T13:15:59,Jagrati Madan,withdrawal
t_00717,p_033,1862.99,2026-08-05T08:21:27,Gautami Datta,withdrawal
t_00718,p_033,809.62,2026-08-06T08:12:13,Darpan Mand,withdrawal
t_00719,p_033,1300.84,2026-08-22T14:16:16,Indrajit Shroff,withdrawal
t_00720,p_033,341.7,2026-08-07T01:35:30,Omya Garg,payment
t_00721,p_033,311.11,2026-08-09T10:02:05,Thomas Merchant,withdrawal
t_00722,p_033,425.28,2026-08-14T18:10:36,Onkar Karpe,withdrawal
t_00723,p_033,660.81,2026-08-07T14:17:40,Nisha Vig,payment
t_00724,p_033,1312.2,2026-08-24T16:28:25,Tarak Solanki,payment
t_00725,p_034,1756.41,2026-08-02T21:19:25,Arya Atwal,payment
t_00726,p_034,1087.28,2026-08-26T01:09:43,Yatin Kota,withdrawal
t_00727,p_034,751.31,2026-08-13T08:25:04,Radha Kapadia,withdrawal
t_00728,p_034,1365.13,2026-08-15T14:01:36,Abdul Sahni,withdrawal
t_00729,p_034,1177.78,2026-08-14T17:45:54,Banjeet Singhal,withdrawal
t_00730,p_034,594.01,2026-08-06T03:39:02,Pavani Wali,withdrawal
t_00731,p_034,647.48,2026-08-12T03:46:10,Varenya Chaudhari,payment
t_00732,p_034,640.33,2026-08-05T10:48:12,Warhi Khosla,payment
t_00733,p_034,405.5,2026-08-19T13:24:49,Advik Ray,withdrawal
t_00734,p_034,433.18,2026-08-06T11:14:31,Kevin Parmer,payment
t_00735,p_034,322.14,2026-08-05T20:06:12,William Chana,withdrawal
t_00736,p_034,937.69,2026-08-18T05:39:29,Varsha Mody,withdrawal
t_00737,p_034,1168.73,2026-08-06T12:50:15,Tripti Bajwa,payment
t_00738,p_034,1958.24,2026-08-20T23:11:54,Ubika Devi,payment
t_00739,p_034,1125.75,2026-08-12T04:29:55,Qasim Prabhakar,payment
t_00740,p_034,330.83,2026-08-17T00:13:22,Aarav Bobal,payment
t_00741,p_034,1048.89,2026-08-13T03:17:05,Gaurangi Wali,payment
t_00742,p_034,1862.84,2026-08-29T10:24:29,Chaman Sandhu,payment
t_00743,p_034,1503.14,2026-08-01T03:05:30,Sarthak Buch,withdrawal
t_00744,p_034,661.56,2026-08-20T10:00:56,Christopher Varma,withdrawal
t_00745,p_034,1532.91,2026-08-30T02:06:57,Charan Choudhry,payment
t_00746,p_035,409.76,2026-08-28T15:03:11,Lakshit Natt,payment
t_00747,p_035,520.12,2026-08-05T15:16:46,Ishaan Sridhar,payment
t_00748,p_035,1161.44,2026-08-24T20:28:36,Umang Nagi,payment
t_00749,p_035,1840.46,2026-08-13T12:29:21,Amara Thakur,payment
t_00750,p_035,1854.48,2026-08-25T13:34:05,Aradhana Bhagat,withdrawal
t_00751,p_035,1413.0,2026-08-11T10:42:40,Kashish Pai,payment
t_00752,p_035,1790.48,2026-08-25T12:16:04,Vedika Thaker,withdrawal
t_00753,p_035,678.9,2026-08-06T03:59:20,Upma Wali,payment
t_00754,p_035,1727.95,2026-08-07T16:05:51,Siya Pillai,payment
t_00755,p_035,684.11,2026-08-21T15:23:38,Raghav Shankar,payment
t_00756,p_035,249.35,2026-08-04T21:45:25,Faris Raman,payment
t_00757,p_035,1571.92,2026-08-03T07:58:09,Bhavya Bose,withdrawal
t_00758,p_035,304.85,2026-08-02T06:36:43,Nitesh Majumdar,payment
t_00759,p_035,1826.21,2026-08-15T01:44:21,Manbir Taneja,payment
t_00760,p_035,1368.41,2026-08-02T23:41:53,Samarth Verma,payment
t_00761,p_035,1848.19,2026-08-24T11:18:25,Chaaya Saha,payment
t_00762,p_035,480.05,2026-08-18T15:04:27,Urvi Palan,withdrawal
t_00763,p_035,376.56,2026-08-01T21:03:59,Sachi Bail,withdrawal
t_00764,p_035,760.89,2026-08-29T11:07:47,Ranbir Bhatnagar,payment
t_00765,p_035,1583.52,2026-08-26T15:41:57,Vincent Venkatesh,payment
t_00766,p_035,229.84,2026-08-16T03:32:04,Nisha Oza,payment
t_00767,p_035,1460.04,2026-08-16T20:45:50,Vedika Wagle,withdrawal
t_00768,p_035,1532.63,2026-08-06T03:40:36,Tanvi Modi,payment
t_00769,p_035,287.5,2026-08-30T04:58:39,Damini Garg,payment
t_00770,p_035,1717.46,2026-08-28T14:44:36,Utkarsh Sule,withdrawal
